question,Canada leading at halftime?,Canada vs. Morocco: 1st Half O/U 0.5,Canada vs. Morocco: 1st Half O/U 1.5,Canada vs. Morocco: Both Teams to Score,Canada vs. Morocco: Canada O/U 0.5,Canada vs. Morocco: Canada O/U 1.5,Canada vs. Morocco: Canada O/U 2.5,Canada vs. Morocco: Draw at halftime?,Canada vs. Morocco: Morocco O/U 0.5,Canada vs. Morocco: Morocco O/U 1.5,Canada vs. Morocco: Morocco O/U 2.5,Canada vs. Morocco: O/U 0.5,Canada vs. Morocco: O/U 1.5,Canada vs. Morocco: O/U 2.5,Canada vs. Morocco: O/U 3.5,Canada vs. Morocco: O/U 4.5,Canada vs. Morocco: O/U 5.5,Canada vs. Morocco: Team to Advance,Detroit Tigers vs. Texas Rangers,Detroit Tigers vs. Texas Rangers: O/U 8.5,Exact Score: Canada 0 - 0 Morocco?,Exact Score: Canada 0 - 1 Morocco?,Exact Score: Canada 0 - 2 Morocco?,Exact Score: Canada 0 - 3 Morocco?,Exact Score: Canada 1 - 0 Morocco?,Exact Score: Canada 1 - 1 Morocco?,Exact Score: Canada 1 - 2 Morocco?,Exact Score: Canada 1 - 3 Morocco?,Exact Score: Canada 2 - 0 Morocco?,Exact Score: Canada 2 - 1 Morocco?,Exact Score: Canada 2 - 2 Morocco?,Exact Score: Canada 2 - 3 Morocco?,Exact Score: Canada 3 - 1 Morocco?,Exact Score: Canada 3 - 2 Morocco?,Exact Score: Canada 3 - 3 Morocco?,Exact Score: Paraguay 0 - 0 France?,Exact Score: Paraguay 0 - 1 France?,Exact Score: Paraguay 0 - 2 France?,Exact Score: Paraguay 0 - 3 France?,Exact Score: Paraguay 1 - 0 France?,Exact Score: Paraguay 1 - 1 France?,Exact Score: Paraguay 1 - 2 France?,Exact Score: Paraguay 1 - 3 France?,Exact Score: Paraguay 2 - 0 France?,Exact Score: Paraguay 2 - 2 France?,Exact Score: Paraguay 2 - 3 France?,France leading at halftime?,Liaoning Tieren FC vs. Chongqing Tonglianglong FC: O/U 2.5,Minnesota Twins vs. New York Yankees,Morocco leading at halftime?,Paraguay leading at halftime?,Paraguay vs. France: 1st Half O/U 0.5,Paraguay vs. France: 1st Half O/U 1.5,Paraguay vs. France: 1st Half O/U 2.5,Paraguay vs. France: Both Teams to Score,Paraguay vs. France: Draw at halftime?,Paraguay vs. France: France O/U 0.5,Paraguay vs. France: France O/U 1.5,Paraguay vs. France: France O/U 2.5,Paraguay vs. France: O/U 0.5,Paraguay vs. France: O/U 1.5,Paraguay vs. France: O/U 2.5,Paraguay vs. France: O/U 3.5,Paraguay vs. France: O/U 4.5,Paraguay vs. France: O/U 5.5,Paraguay vs. France: O/U 6.5,Paraguay vs. France: Paraguay O/U 2.5,Paraguay vs. France: Team to Advance,Pittsburgh Pirates vs. Washington Nationals: O/U 10.5,Pittsburgh Pirates vs. Washington Nationals: O/U 9.5,Quito: Samuel Heredia vs Matheus Pucinelli de Almeida,Spread: Canada (-1.5),Spread: Canada (-2.5),Spread: Detroit Tigers (-1.5),Spread: France (-1.5),Spread: France (-2.5),Spread: Morocco (-1.5),Spread: Morocco (-2.5),Spread: Paraguay (-1.5),Spread: Seattle Mariners (-1.5),Toronto Blue Jays vs. Seattle Mariners,Toronto Blue Jays vs. Seattle Mariners: O/U 7.5,Will Beijing Guoan FC win on 2026-07-04?,Will Canada vs. Morocco end in a draw?,Will Canada win on 2026-07-04?,Will France win on 2026-07-04?,Will Morocco win on 2026-07-04?,Will Paraguay vs. France end in a draw?,Will Paraguay win on 2026-07-04?,Will Shanghai Haigang FC win on 2026-07-04?,Wimbledon ATP: Alex de Minaur vs Zachary Svajda,Wimbledon ATP: Frances Tiafoe vs Alexander Bublik,Wimbledon ATP: Grigor Dimitrov vs Matteo Berrettini,Wimbledon ATP: Zizou Bergs vs Arthur Fery,Wimbledon WTA: Emma Navarro vs Marta Kostyuk,Wimbledon WTA: Liudmila Samsonova vs Marie Bouzkova
Canada leading at halftime?,1.0,0.6276788322073495,0.23449914164809527,0.018850547014475454,-0.01202118327394114,-0.01202118327394114,0.2121072017540182,0.7368709254714724,-0.020932149451270466,-0.017045674606016355,-0.01202118327394114,0.2872448696810012,0.21578153637283667,0.05934392855530557,0.09445357568454739,0.0785870902935836,-0.017045674606016355,-0.06702652437962164,-0.048340172376531855,-0.02716766329346826,-0.024234787981811664,0.15764233764496177,-0.00427655060428269,-0.042886960182775664,0.42803054166882765,-0.0500609761189425,0.05843840728709282,-0.017045674606016355,0.3441701549354916,-0.02716766329346826,-0.03231755435787069,-0.02716766329346826,0.15518076317248616,-0.020932149451270466,-0.020932149451270466,-0.036841813560413814,-0.03231755435787069,-0.03231755435787069,-0.03464165155963217,-0.017045674606016355,-0.02716766329346826,-0.038939280035297855,-0.03464165155963217,-0.02716766329346826,-0.02716766329346826,-0.01202118327394114,-0.07669455914043834,-0.01202118327394114,0.12273673667498707,0.6200672340012467,-0.03464165155963217,-0.06413896017801911,-0.058140722901046424,-0.03464165155963217,-0.04657413642032069,-0.02984028653245348,-0.020932149451270466,-0.02716766329346826,-0.038939280035297855,-0.020932149451270466,-0.04095005146969703,-0.04095005146969703,-0.036841813560413814,-0.020932149451270466,-0.02984028653245348,-0.024234787981811664,-0.024234787981811664,-0.0271682881462874,0.5065580167207453,0.30341300798709114,-0.017045674606016355,-0.036841813560413814,-0.01202118327394114,-0.01202118327394114,-0.06702523729839939,-0.03464177806358089,-0.04475867561891224,0.07665680347712837,-0.01202118327394114,-0.017045674606016355,-0.036842294502062195,-0.03464177806358089,-0.01202118327394114,0.05080194533073666,0.11731003820720552,-0.03464215758374257,0.06527182918775146,-0.020932149451270466,-0.05658423914187711,-0.01202118327394114,-0.01202118327394114,0.0785268510815566,0.007905681703376723,0.4471880177906104,-0.017045674606016355,-0.01202118327394114
Canada vs. Morocco: 1st Half O/U 0.5,0.6276788322073495,1.0,0.5012333474161317,-0.012488853214323234,-0.01897648955142732,-0.01897648955142732,0.4344312514623638,0.8596629248477832,-0.03304322929773627,-0.026908088720292076,-0.01897648955142732,0.2838583139287583,0.27551997833257885,0.12755861138803581,0.05280521566209218,0.0924673134095473,-0.026908088720292076,0.01003541069376055,-0.07630919145921207,-0.04288653345322253,0.11390992905984301,0.16284717978495294,-0.020678632697834144,-0.06770081890067578,0.45487915048688177,-0.07902563072261637,0.06567263517069308,-0.026908088720292076,0.19763083011705299,0.0970430730520009,-0.05101608707099896,-0.04288653345322253,0.20010935030138371,0.15247284347908993,-0.03304322929773627,-0.05815802605724828,-0.05101608707099896,-0.05101608707099896,-0.054684877843146386,-0.026908088720292076,-0.04288653345322253,-0.06146906039871681,-0.054684877843146386,-0.04288653345322253,-0.04288653345322253,-0.01897648955142732,-0.1210690717389506,-0.01897648955142732,0.04399746415716382,0.8094350492210519,-0.054684877843146386,-0.10124896026633458,-0.09178021792878129,-0.054684877843146386,-0.07352134918888133,-0.047105503068255894,-0.03304322929773627,-0.04288653345322253,-0.06146906039871681,-0.03304322929773627,-0.0646432390336853,-0.0646432390336853,-0.05815802605724828,-0.03304322929773627,-0.047105503068255894,-0.03825673317158655,-0.03825673317158655,-0.042887519838066976,0.30476114217374217,0.40594672118761627,-0.026908088720292076,0.040823446862054344,-0.01897648955142732,-0.01897648955142732,-0.10580520122608691,-0.05468507754069747,-0.07065548547614393,0.08088115056025273,-0.01897648955142732,-0.026908088720292076,-0.05815878526571865,-0.05468507754069747,-0.01897648955142732,0.12122278829816376,0.19049944114347708,-0.05468567664647755,0.24885128008655943,-0.03304322929773627,-0.08932317213555471,-0.01897648955142732,-0.01897648955142732,0.011571905159707376,-0.07123254216043327,0.27199635023712493,-0.026908088720292076,-0.01897648955142732
Canada vs. Morocco: 1st Half O/U 1.5,0.23449914164809527,0.5012333474161317,1.0,-0.06012271327218285,-0.009262084933588906,-0.009262084933588906,0.278532357543701,0.36483352493625665,-0.01612780885559875,-0.013133356538493462,-0.009262084933588906,0.2555977766202215,0.12575040957705808,0.04032371896137245,-0.053818027173028,0.12561909043741565,-0.013133356538493462,-0.051642616825672304,-0.03724515066884743,-0.020932149451270466,0.2707501884830091,0.15482726848111822,0.12978010508553683,-0.033043558084451745,-0.03986652557207335,-0.038570996058027635,0.1047471527158001,-0.013133356538493462,-0.02299146376814882,-0.020932149451270466,-0.024900039079958226,-0.020932149451270466,-0.02299146376814882,-0.01612780885559875,-0.01612780885559875,-0.028385891682036344,-0.024900039079958226,-0.024900039079958226,-0.026690710196610616,-0.013133356538493462,-0.020932149451270466,-0.030001948287532405,-0.026690710196610616,-0.020932149451270466,-0.020932149451270466,-0.009262084933588906,-0.05909164717942186,-0.009262084933588906,-0.028385891682036344,0.3936173650555711,-0.026690710196610616,-0.04941780548414575,-0.044796281808388155,-0.026690710196610616,-0.03588445474986432,-0.022991353014752035,-0.01612780885559875,-0.020932149451270466,-0.030001948287532405,-0.01612780885559875,-0.03155120807195076,-0.03155120807195076,-0.028385891682036344,-0.01612780885559875,-0.022991353014752035,-0.01867242679193166,-0.01867242679193166,-0.020932630888060008,-0.01612780885559875,-0.013133356538493462,-0.013133356538493462,-0.028385891682036344,-0.009262084933588906,-0.009262084933588906,-0.051641625154941945,-0.026690807665411372,-0.03448567796116856,-0.03724748623439058,-0.009262084933588906,-0.013133356538493462,-0.028386262238103404,-0.026690807665411372,-0.009262084933588906,-0.04113454152224999,0.08176842987071034,-0.026691100078220616,0.15766517137165523,-0.01612780885559875,-0.043597041729715645,-0.009262084933588906,-0.009262084933588906,0.06965400179750501,-0.06216515768512549,-0.009262084933588906,-0.013133356538493462,-0.009262084933588906
Canada vs. Morocco: Both Teams to Score,0.018850547014475454,-0.012488853214323234,-0.06012271327218285,1.0,0.15784248203142448,0.12035489254896116,-0.06960926917968151,-0.030536309358307374,0.056017584701570214,0.10783720964385772,0.15389641998063885,0.16735245008375582,0.2064819879051789,0.49259000924870056,0.30384641409179836,0.10317124597847455,-0.048959721468367794,0.320097023908333,-0.13884586148632336,-0.0780327712770683,0.12127079178218411,0.22890071899433953,0.4009620807968464,0.20564293213395374,0.1904354345116536,0.2450707617249761,0.3739596626256601,-0.048959721468367794,0.0796609734750363,-0.0780327712770683,0.14546434602808653,0.20060851222038148,0.07088485603616435,-0.06012271327218285,-0.06012271327218285,-0.1058195097582555,-0.09282463126110119,-0.09282463126110119,-0.09950005797747728,-0.048959721468367794,-0.0780327712770683,-0.1118439926122997,-0.09950005797747728,-0.0780327712770683,-0.0780327712770683,-0.0345280429443741,-0.22028721892472333,-0.0345280429443741,-0.1058195097582555,0.0344452203731554,-0.09950005797747728,-0.1842241916596361,-0.1669956552027621,-0.09950005797747728,-0.13377333543395445,-0.08570925768168493,-0.06012271327218285,-0.0780327712770683,-0.1118439926122997,-0.06012271327218285,-0.1176194641990908,-0.1176194641990908,-0.1058195097582555,-0.06012271327218285,-0.08570925768168493,-0.06960877154229232,-0.06960877154229232,-0.07803456602093682,0.06298569961847728,-0.048959721468367794,-0.048959721468367794,0.009941186160710894,0.18349188536153094,-0.0345280429443741,-0.1925143489670192,-0.09950042133054116,0.21018351347956574,0.3200407130453815,-0.0345280429443741,-0.048959721468367794,-0.10582089115087807,-0.09950042133054116,-0.0345280429443741,0.23291659512010585,0.23605410723085313,-0.0995015114136172,0.2935464780878103,-0.06012271327218285,-0.16252501892227894,-0.0345280429443741,-0.0345280429443741,0.13110450218272168,-0.19082704500929204,0.17757279228535253,-0.048959721468367794,-0.0345280429443741
Canada vs. Morocco: Canada O/U 0.5,-0.01202118327394114,-0.01897648955142732,-0.009262084933588906,0.15784248203142448,1.0,-0.005319148936170213,-0.010723517423249099,-0.016301813967952983,-0.009262084933588906,-0.007542392448457355,-0.005319148936170213,-0.02289501834826318,0.16658962503008645,-0.03570133474755844,0.1556023039251619,-0.0198048317495847,-0.007542392448457355,0.16476657992650198,-0.02138962285254425,-0.01202118327394114,-0.010723440760711534,-0.03213355810042108,0.13537918280421526,-0.018976678371279476,-0.022895059655140552,-0.02215104634865242,-0.02289501834826318,-0.007542392448457355,-0.013203832713716807,-0.01202118327394114,-0.01429991382420151,-0.01202118327394114,-0.013203832713716807,-0.009262084933588906,-0.009262084933588906,-0.016301813967952983,-0.01429991382420151,-0.01429991382420151,-0.015328283401188487,-0.007542392448457355,-0.01202118327394114,-0.01722990368377298,-0.015328283401188487,-0.01202118327394114,-0.01202118327394114,-0.005319148936170213,-0.03393590908361219,-0.005319148936170213,-0.016301813967952983,-0.015328283401188487,-0.015328283401188487,-0.028380291192925407,-0.025726183298250112,-0.015328283401188487,-0.020608184947169136,-0.01320376910883552,-0.009262084933588906,-0.01202118327394114,-0.01722990368377298,-0.009262084933588906,-0.018119632464412335,-0.018119632464412335,-0.016301813967952983,-0.009262084933588906,-0.01320376910883552,-0.010723440760711534,-0.010723440760711534,-0.012021459759635807,-0.009262084933588906,-0.007542392448457355,-0.007542392448457355,-0.016301813967952983,-0.005319148936170213,-0.005319148936170213,-0.029657414877383628,-0.015328339376821576,-0.019804877471489613,-0.0213909641510816,-0.005319148936170213,-0.007542392448457355,-0.01630202677564413,-0.015328339376821576,-0.005319148936170213,0.2178590650998985,0.14494038948775478,-0.015328507307400308,0.13421121127519192,-0.009262084933588906,-0.02503746832376846,-0.005319148936170213,-0.005319148936170213,-0.053465551908832884,-0.035701004119335064,-0.005319148936170213,-0.007542392448457355,-0.005319148936170213
Canada vs. Morocco: Canada O/U 1.5,-0.01202118327394114,-0.01897648955142732,-0.009262084933588906,0.12035489254896116,-0.005319148936170213,1.0,-0.010723517423249099,-0.016301813967952983,-0.009262084933588906,-0.007542392448457355,-0.005319148936170213,-0.02289501834826318,-0.037435870793277856,0.15920865495532818,-0.030907306944039006,-0.0198048317495847,-0.007542392448457355,0.2021136713765091,-0.02138962285254425,-0.01202118327394114,-0.010723440760711534,0.19280134860252648,-0.03333964949656048,-0.018976678371279476,-0.022895059655140552,0.22981710586726886,-0.02289501834826318,-0.007542392448457355,-0.013203832713716807,-0.01202118327394114,-0.01429991382420151,-0.01202118327394114,-0.013203832713716807,-0.009262084933588906,-0.009262084933588906,-0.016301813967952983,-0.01429991382420151,-0.01429991382420151,-0.015328283401188487,-0.007542392448457355,-0.01202118327394114,-0.01722990368377298,-0.015328283401188487,-0.01202118327394114,-0.01202118327394114,-0.005319148936170213,-0.03393590908361219,-0.005319148936170213,-0.016301813967952983,-0.015328283401188487,-0.015328283401188487,-0.028380291192925407,-0.025726183298250112,-0.015328283401188487,-0.020608184947169136,-0.01320376910883552,-0.009262084933588906,-0.01202118327394114,-0.01722990368377298,-0.009262084933588906,-0.018119632464412335,-0.018119632464412335,-0.016301813967952983,-0.009262084933588906,-0.01320376910883552,-0.010723440760711534,-0.010723440760711534,-0.012021459759635807,-0.009262084933588906,-0.007542392448457355,-0.007542392448457355,-0.016301813967952983,-0.005319148936170213,-0.005319148936170213,-0.029657414877383628,-0.015328339376821576,-0.019804877471489613,-0.0213909641510816,-0.005319148936170213,-0.007542392448457355,-0.01630202677564413,-0.015328339376821576,-0.005319148936170213,0.2152342570866467,0.19685933497590577,-0.015328507307400308,0.1361015100255467,-0.009262084933588906,-0.02503746832376846,-0.005319148936170213,-0.005319148936170213,-0.053465551908832884,-0.035701004119335064,-0.005319148936170213,-0.007542392448457355,-0.005319148936170213
Canada vs. Morocco: Canada O/U 2.5,0.2121072017540182,0.4344312514623638,0.278532357543701,-0.06960926917968151,-0.010723517423249099,-0.010723517423249099,1.0,0.48740764562319605,-0.018672560282259283,-0.015205623644794797,-0.010723517423249099,0.08348958564185327,0.18877861001423527,0.1789537032470376,0.12685345256781574,-0.03992696216626344,-0.015205623644794797,0.03991347753818991,-0.04312193474716526,-0.024234961237801552,0.23235796653415144,0.12577967527591336,0.016663265317111292,-0.03825738733616425,0.34411188888719835,-0.04465698071503885,0.08074574585906943,-0.015205623644794797,0.39476942238894913,0.19875232761160005,0.16875710681969483,-0.024234961237801552,0.17858812341519995,0.276959844750971,-0.018672560282259283,-0.03286480378979096,-0.028828930508419687,-0.028828930508419687,-0.03090214545477521,-0.015205623644794797,-0.024234961237801552,-0.03473585240252256,-0.03090214545477521,-0.024234961237801552,-0.024234961237801552,-0.010723517423249099,-0.0684155147183996,-0.010723517423249099,-0.03286480378979096,0.3466987727659254,-0.03090214545477521,-0.0572152708518331,-0.0518645328685072,-0.03090214545477521,-0.04154653930439151,-0.026619079441137318,-0.018672560282259283,-0.024234961237801552,-0.03473585240252256,-0.018672560282259283,-0.0365295645537792,-0.0365295645537792,-0.03286480378979096,-0.018672560282259283,-0.026619079441137318,-0.02161868472091791,-0.02161868472091791,-0.024235518638844395,-0.018672560282259283,0.34401717833408757,-0.015205623644794797,-0.03286480378979096,-0.010723517423249099,-0.010723517423249099,-0.05978997937123628,-0.030902258302842427,-0.0399270543425965,-0.04312463883355345,-0.010723517423249099,-0.015205623644794797,-0.03286523281462391,-0.030902258302842427,-0.010723517423249099,0.06734978463494767,0.04195095067317766,-0.030902596854461974,0.19608401889659038,-0.018672560282259283,-0.05047606882714797,-0.010723517423249099,-0.010723517423249099,-0.10778769015834376,-0.07197398386382138,-0.010723517423249099,-0.015205623644794797,-0.010723517423249099
Canada vs. Morocco: Draw at halftime?,0.7368709254714724,0.8596629248477832,0.36483352493625665,-0.030536309358307374,-0.016301813967952983,-0.016301813967952983,0.48740764562319605,1.0,-0.028385891682036344,-0.023115479570792494,-0.016301813967952983,0.27727452483988335,0.22945912566182874,0.115072391750821,0.09362836204306302,0.1251455590991547,-0.023115479570792494,0.04176490860995632,-0.06555365468632822,-0.036841813560413814,0.13693570349569553,0.14283307704367276,0.008021943683709879,-0.05815860474119571,0.4658028241893456,-0.06788722051299236,0.09944068209631012,-0.023115479570792494,0.23237806591691315,0.11942725453975413,-0.04382553256493972,-0.036841813560413814,0.2412437046588975,0.17879273573270862,-0.028385891682036344,-0.04996083806540043,-0.04382553256493972,-0.04382553256493972,-0.04697721899739643,-0.023115479570792494,-0.036841813560413814,-0.0528051926932596,-0.04697721899739643,-0.036841813560413814,-0.036841813560413814,-0.016301813967952983,-0.1040047728223094,-0.016301813967952983,0.06897722080804125,0.5753121325950992,-0.04697721899739643,-0.08697824274808004,-0.0788440893959041,-0.04697721899739643,-0.06315874987847299,-0.040466132885351704,-0.028385891682036344,-0.036841813560413814,-0.0528051926932596,-0.028385891682036344,-0.05553198098927589,-0.05553198098927589,-0.04996083806540043,-0.028385891682036344,-0.040466132885351704,-0.03286456883896693,-0.03286456883896693,-0.03684266091746535,0.3794853843700179,0.475165113857925,-0.023115479570792494,0.06404281704849553,-0.016301813967952983,-0.016301813967952983,-0.0908922960990837,-0.04697739054821561,-0.06069682050128542,0.02760800272102606,-0.016301813967952983,-0.023115479570792494,-0.04996149026586213,-0.04697739054821561,-0.016301813967952983,0.15769966018237214,0.17466199526859852,-0.04697790521194977,0.24093523617696852,-0.028385891682036344,-0.07673335635840674,-0.016301813967952983,-0.016301813967952983,0.022955961555220953,-0.04057598088115771,0.34052678066390674,-0.023115479570792494,-0.016301813967952983
Canada vs. Morocco: Morocco O/U 0.5,-0.020932149451270466,-0.03304322929773627,-0.01612780885559875,0.056017584701570214,-0.009262084933588906,-0.009262084933588906,-0.018672560282259283,-0.028385891682036344,1.0,-0.013133356538493462,-0.009262084933588906,0.3985321859507646,0.21487247714346458,-0.06216573339878252,0.19121224627351874,-0.03448559834689723,-0.013133356538493462,-0.051642616825672304,-0.03724515066884743,-0.020932149451270466,-0.01867242679193166,0.04692854394696722,0.06105985005817411,-0.033043558084451745,0.24468757333431176,-0.038570996058027635,0.10476369652891164,-0.013133356538493462,-0.02299146376814882,-0.020932149451270466,0.42330066435928987,-0.020932149451270466,-0.02299146376814882,0.32251825163553616,-0.01612780885559875,-0.028385891682036344,-0.024900039079958226,-0.024900039079958226,-0.026690710196610616,-0.013133356538493462,-0.020932149451270466,-0.030001948287532405,-0.026690710196610616,-0.020932149451270466,-0.020932149451270466,-0.009262084933588906,-0.05909164717942186,-0.009262084933588906,-0.028385891682036344,-0.026690710196610616,-0.026690710196610616,-0.04941780548414575,-0.044796281808388155,-0.026690710196610616,-0.03588445474986432,-0.022991353014752035,-0.01612780885559875,-0.020932149451270466,-0.030001948287532405,-0.01612780885559875,-0.03155120807195076,-0.03155120807195076,-0.028385891682036344,-0.01612780885559875,-0.022991353014752035,-0.01867242679193166,-0.01867242679193166,-0.020932630888060008,-0.01612780885559875,-0.013133356538493462,-0.013133356538493462,0.16400737416287664,-0.009262084933588906,-0.009262084933588906,-0.051641625154941945,-0.026690807665411372,-0.03448567796116856,-0.03724748623439058,-0.009262084933588906,-0.013133356538493462,-0.028386262238103404,-0.026690807665411372,-0.009262084933588906,-0.04113454152224999,0.05650312772590116,-0.026691100078220616,0.03840111594924425,-0.01612780885559875,-0.043597041729715645,-0.009262084933588906,-0.009262084933588906,0.06696502560840382,-0.06216515768512549,-0.009262084933588906,-0.013133356538493462,-0.009262084933588906
Canada vs. Morocco: Morocco O/U 1.5,-0.017045674606016355,-0.026908088720292076,-0.013133356538493462,0.10783720964385772,-0.007542392448457355,-0.007542392448457355,-0.015205623644794797,-0.023115479570792494,-0.013133356538493462,1.0,-0.007542392448457355,0.35709878142135376,0.07760219323680156,-0.05062341378876859,-0.043825627237412186,0.1857204018636102,0.4946242643730195,0.09351129987142019,-0.030329838817135555,-0.017045674606016355,0.3477959845716113,0.09406846827402766,0.06743662880497121,-0.026908356461136363,0.32640314208650095,-0.031409514324634916,0.1431951765690517,-0.010694884563150747,-0.018722635772318783,0.3068041051573886,-0.0202768456637547,0.3068221429082944,0.28235848058041957,-0.013133356538493462,0.398378481667635,-0.023115479570792494,-0.0202768456637547,-0.0202768456637547,-0.021735042646912395,-0.010694884563150747,-0.017045674606016355,-0.024431482741241732,-0.021735042646912395,-0.017045674606016355,-0.017045674606016355,-0.007542392448457355,-0.04812009354790912,-0.007542392448457355,-0.023115479570792494,-0.021735042646912395,-0.021735042646912395,-0.04024239526796578,-0.03647895047963406,-0.021735042646912395,-0.029221783482124907,-0.018722545582519238,-0.013133356538493462,-0.017045674606016355,-0.024431482741241732,-0.013133356538493462,-0.02569309126486039,-0.02569309126486039,-0.023115479570792494,-0.013133356538493462,-0.018722545582519238,-0.01520551493963325,-0.01520551493963325,-0.017046066654376083,-0.013133356538493462,-0.010694884563150747,-0.010694884563150747,0.2259772544284,-0.007542392448457355,-0.007542392448457355,-0.04205331805824567,-0.02173512201866854,-0.028082717757314253,0.1688841367013022,-0.007542392448457355,-0.010694884563150747,-0.02311578132566756,-0.02173512201866854,-0.007542392448457355,-0.0334970859771587,-0.04294470584119298,-0.021735360139154378,-0.052267536823336624,-0.013133356538493462,-0.035502373458572115,-0.007542392448457355,-0.007542392448457355,-0.0023602400106658857,-0.05062294496793933,-0.007542392448457355,-0.010694884563150747,-0.007542392448457355
Canada vs. Morocco: Morocco O/U 2.5,-0.01202118327394114,-0.01897648955142732,-0.009262084933588906,0.15389641998063885,-0.005319148936170213,-0.005319148936170213,-0.010723517423249099,-0.016301813967952983,-0.009262084933588906,-0.007542392448457355,1.0,-0.02289501834826318,0.17594859272840593,0.15245434838146577,-0.030907306944039006,-0.0198048317495847,-0.007542392448457355,0.18453856951768222,-0.02138962285254425,-0.01202118327394114,-0.010723440760711534,0.1554849585504246,0.1757908791636825,0.2814873958406456,-0.022895059655140552,0.24643039062875818,-0.02289501834826318,-0.007542392448457355,-0.013203832713716807,-0.01202118327394114,-0.01429991382420151,-0.01202118327394114,-0.013203832713716807,-0.009262084933588906,-0.009262084933588906,-0.016301813967952983,-0.01429991382420151,-0.01429991382420151,-0.015328283401188487,-0.007542392448457355,-0.01202118327394114,-0.01722990368377298,-0.015328283401188487,-0.01202118327394114,-0.01202118327394114,-0.005319148936170213,-0.03393590908361219,-0.005319148936170213,-0.016301813967952983,-0.015328283401188487,-0.015328283401188487,-0.028380291192925407,-0.025726183298250112,-0.015328283401188487,-0.020608184947169136,-0.01320376910883552,-0.009262084933588906,-0.01202118327394114,-0.01722990368377298,-0.009262084933588906,-0.018119632464412335,-0.018119632464412335,-0.016301813967952983,-0.009262084933588906,-0.01320376910883552,-0.010723440760711534,-0.010723440760711534,-0.012021459759635807,-0.009262084933588906,-0.007542392448457355,-0.007542392448457355,-0.016301813967952983,-0.005319148936170213,-0.005319148936170213,-0.029657414877383628,-0.015328339376821576,-0.019804877471489613,0.258117634089718,-0.005319148936170213,-0.007542392448457355,-0.01630202677564413,-0.015328339376821576,-0.005319148936170213,-0.0236232721192661,-0.03028605153475473,-0.015328507307400308,0.17012688753193342,-0.009262084933588906,-0.02503746832376846,-0.005319148936170213,-0.005319148936170213,-0.053465551908832884,-0.035701004119335064,-0.005319148936170213,-0.007542392448457355,-0.005319148936170213
Canada vs. Morocco: O/U 0.5,0.2872448696810012,0.2838583139287583,0.2555977766202215,0.16735245008375582,-0.02289501834826318,-0.02289501834826318,0.08348958564185327,0.27727452483988335,0.3985321859507646,0.35709878142135376,-0.02289501834826318,1.0,0.23453174848314792,-0.021725063213416416,0.07038935981106094,0.29330606651483365,0.3400228677604945,0.08755098885818935,-0.09206657184222883,-0.05174233978544677,0.4902244146617822,0.23786466342042595,0.17264329653432825,-0.002360001404190946,0.37001842072563185,-0.019295797212186404,0.22766603881154965,-0.03246444413747976,0.05002864321963638,0.2911034020845471,0.12470762205059126,0.3140549061810982,0.15782459721645456,0.10167000347705117,0.2665249651804025,-0.07016730202237621,-0.061550596404131054,-0.061550596404131054,-0.06597696998690661,-0.03246444413747976,-0.05174233978544677,-0.07416204466401245,-0.06597696998690661,-0.05174233978544677,-0.05174233978544677,-0.02289501834826318,-0.14606909309324692,-0.02289501834826318,-0.07016730202237621,0.1963035601719049,-0.06597696998690661,-0.12215625006712287,-0.110732270465113,-0.06597696998690661,-0.0887030572280896,-0.056832500770447714,-0.03986645364556571,-0.05174233978544677,-0.07416204466401245,-0.03986645364556571,-0.07799167173446304,-0.07799167173446304,-0.07016730202237621,-0.03986645364556571,-0.056832500770447714,-0.04615651411892472,-0.04615651411892472,-0.05174352985271661,0.24625052221219385,0.1451452661173037,-0.03246444413747976,0.3709740914475556,-0.02289501834826318,-0.02289501834826318,-0.12765332686259326,-0.06597721092077816,0.2088838070388243,0.2694904719465393,-0.02289501834826318,-0.03246444413747976,-0.07016821800274298,-0.06597721092077816,-0.02289501834826318,-0.10168078673992294,0.06021814651817576,-0.06597793373823026,0.04613506999062865,-0.03986645364556571,-0.10776785977334655,-0.02289501834826318,-0.02289501834826318,0.07356987656825975,-0.1066401568718245,0.22086958877148008,-0.03246444413747976,-0.02289501834826318
Canada vs. Morocco: O/U 1.5,0.21578153637283667,0.27551997833257885,0.12575040957705808,0.2064819879051789,0.16658962503008645,-0.037435870793277856,0.18877861001423527,0.22945912566182874,0.21487247714346458,0.07760219323680156,0.17594859272840593,0.23453174848314792,1.0,0.23327523644121215,0.45964174347126235,0.33783488637875,0.1859166551324676,0.2501420598014314,-0.1505389615958605,-0.08460441119920781,0.12356874297471812,0.4284191470366908,0.25293393777706025,0.040879685409288206,0.5237486468305586,0.3820836915143258,0.06095804391726087,-0.0530829334844571,0.2519171894612824,0.2361626942664871,0.23089463017137646,0.09437644451390995,0.2826513897792415,0.2218279532628758,0.13130329381784425,-0.11473124906326392,-0.10064198854022932,-0.10064198854022932,-0.10787959573525192,-0.0530829334844571,-0.08460441119920781,-0.12126309224023332,-0.10787959573525192,-0.08460441119920781,-0.08460441119920781,-0.037435870793277856,-0.2388390178488277,-0.037435870793277856,-0.06025245431405859,0.27486465252016173,-0.10787959573525192,-0.19973889186470392,-0.1810594299040051,-0.10787959573525192,-0.1450392456056451,-0.09292738373641632,-0.06518603239183757,-0.08460441119920781,-0.12126309224023332,-0.06518603239183757,-0.12752495331477154,-0.12752495331477154,-0.11473124906326392,-0.06518603239183757,-0.09292738373641632,-0.07547097244214485,-0.07547097244214485,-0.08460635708996324,0.018659070647610645,0.17928830999895867,-0.0530829334844571,0.2999065407612561,0.17407679918874203,-0.037435870793277856,-0.20872721646552553,-0.10787998968860667,0.12265877197339074,0.3140991933270863,-0.037435870793277856,-0.0530829334844571,-0.11473274679181508,-0.10787998968860667,-0.037435870793277856,0.15473058236023324,0.40067814608568164,-0.10788117157456685,0.3571353146023785,-0.06518603239183757,-0.17621229268196403,-0.037435870793277856,-0.037435870793277856,-0.14715061885772723,-0.2512616573515211,-0.037435870793277856,-0.0530829334844571,-0.037435870793277856
Canada vs. Morocco: O/U 2.5,0.05934392855530557,0.12755861138803581,0.04032371896137245,0.49259000924870056,-0.03570133474755844,0.15920865495532818,0.1789537032470376,0.115072391750821,-0.06216573339878252,-0.05062341378876859,0.15245434838146577,-0.021725063213416416,0.23327523644121215,1.0,0.3193629841056092,0.24690551584031425,-0.05062341378876859,0.41529735103890436,-0.1435639600895491,-0.08068439016744795,0.01560829072595407,0.08661230459790353,0.36914916986293445,0.20103104481776243,0.10847039737557251,0.228627205330694,0.43309747902112355,0.18467085453331714,0.18913157010793175,-0.08068439016744795,0.19985749484360096,0.0983096546347429,-0.019055939264649338,0.034723202438959606,0.05364642916495347,-0.10941534528291491,-0.09597888993622265,-0.09597888993622265,-0.10288115324051947,-0.05062341378876859,-0.08068439016744795,-0.11564454510752306,-0.10288115324051947,-0.08068439016744795,-0.08068439016744795,-0.03570133474755844,-0.2277727630294686,-0.03570133474755844,-0.10941534528291491,0.07706155879791805,-0.10288115324051947,-0.19048428390902114,-0.17267030736108038,-0.10288115324051947,-0.13831906535563426,-0.08862173000619356,-0.06216573339878252,-0.08068439016744795,-0.11564454510752306,-0.06216573339878252,-0.12161627205356587,-0.12161627205356587,-0.10941534528291491,-0.06216573339878252,-0.08862173000619356,-0.07197413586982974,-0.07197413586982974,-0.08068624589821553,0.02352216939413393,-0.05062341378876859,-0.05062341378876859,0.08142217926379268,0.14473514086848016,-0.03570133474755844,-0.19905614770152222,-0.1028815289406246,0.13546576921444436,0.10425892286258986,-0.03570133474755844,-0.05062341378876859,-0.10941677361641518,-0.1028815289406246,-0.03570133474755844,0.34217607171489167,0.22014552859573194,-0.1028826560656361,0.4127733221567805,-0.06216573339878252,-0.16804775511735076,-0.03570133474755844,-0.03570133474755844,0.023059478452506967,-0.2111394909138346,0.11192850893829133,-0.05062341378876859,-0.03570133474755844
Canada vs. Morocco: O/U 3.5,0.09445357568454739,0.05280521566209218,-0.053818027173028,0.30384641409179836,0.1556023039251619,-0.030907306944039006,0.12685345256781574,0.09362836204306302,0.19121224627351874,-0.043825627237412186,-0.030907306944039006,0.07038935981106094,0.45964174347126235,0.3193629841056092,1.0,0.3031343091999629,0.10574601718934065,0.3298381348025663,-0.12428598011711346,-0.06984997144031035,-0.062309342916455734,0.28990287888873306,0.40752272554214275,0.2456880232375035,0.22177378501759198,0.3873930732884974,0.4574901479795265,0.08319752807977993,0.08555211066033255,0.10563008087578113,0.33044835055767463,0.11226206867682793,0.07730508409481006,0.17732815752645403,0.18197909814634536,-0.0947228915938033,-0.08309070325752571,-0.08309070325752571,-0.08906612048108113,-0.043825627237412186,-0.06984997144031035,-0.10011562529287277,-0.08906612048108113,-0.06984997144031035,-0.06984997144031035,-0.030907306944039006,-0.19718710099277423,-0.030907306944039006,-0.025875062624956913,0.04851430445106144,-0.08906612048108113,-0.16490577375945906,-0.14948388421515368,-0.08906612048108113,-0.11974537757167597,-0.07672147359701995,-0.053818027173028,-0.06984997144031035,-0.10011562529287277,-0.053818027173028,-0.10528545995066399,-0.10528545995066399,-0.0947228915938033,-0.053818027173028,-0.07672147359701995,-0.062309342916455734,-0.062309342916455734,-0.06985157798081772,0.04472234527107307,0.20707828757425667,-0.043825627237412186,0.05398334957888042,0.17691768802449914,-0.030907306944039006,-0.17232659505901685,-0.08906644573162291,0.2340509195207024,0.15588765919903755,-0.030907306944039006,-0.043825627237412186,-0.09472412812857779,-0.08906644573162291,-0.030907306944039006,0.39399653698899456,0.2459500061193573,-0.08906742150462804,0.32614394691100024,-0.053818027173028,-0.14548205509386072,-0.030907306944039006,-0.030907306944039006,-0.005208029479033938,-0.20744331579501768,-0.030907306944039006,-0.043825627237412186,-0.030907306944039006
Canada vs. Morocco: O/U 4.5,0.0785870902935836,0.0924673134095473,0.12561909043741565,0.10317124597847455,-0.0198048317495847,-0.0198048317495847,-0.03992696216626344,0.1251455590991547,-0.03448559834689723,0.1857204018636102,-0.0198048317495847,0.29330606651483365,0.33783488637875,0.24690551584031425,0.3031343091999629,1.0,0.39964918281512674,0.4377915494991984,-0.07964016177496162,-0.04475857228820929,0.2642684494460849,0.22523862459067542,0.263350856341044,0.011704111654622991,0.15024319947101408,0.2873749667382897,0.20373420288608296,-0.028082652925034784,0.06190095956869327,0.22793899536566853,0.17265042905318212,0.08251462313254897,0.20291722809157678,-0.03448559834689723,0.47237456555322566,-0.060696680375487644,-0.053242988816511794,-0.053242988816511794,-0.0570719258688521,-0.028082652925034784,-0.04475857228820929,-0.06415224458151061,-0.0570719258688521,-0.04475857228820929,-0.04475857228820929,-0.0198048317495847,-0.12635385429798676,-0.0198048317495847,-0.060696680375487644,0.044946754805139925,-0.0570719258688521,-0.10566857571106034,-0.09578651357479406,-0.0570719258688521,-0.07673062748208564,-0.049161704024240055,-0.03448559834689723,-0.04475857228820929,-0.06415224458151061,-0.03448559834689723,-0.06746497919653582,-0.06746497919653582,-0.060696680375487644,-0.03448559834689723,-0.049161704024240055,-0.039926676727995734,-0.039926676727995734,-0.04475960172971013,-0.03448559834689723,-0.028082652925034784,-0.028082652925034784,0.6337235188229474,0.2711738501096982,-0.0198048317495847,-0.11042370101355202,-0.05707213428339523,0.4294958664150942,0.23929203924837386,-0.0198048317495847,-0.028082652925034784,-0.060697472724145066,-0.05707213428339523,-0.0198048317495847,0.2693552943648565,0.1774698714941168,-0.05707275954072443,0.18429995480300765,-0.03448559834689723,-0.09322221534650467,-0.0198048317495847,-0.0198048317495847,-0.0003217357912778352,-0.13292584741643632,-0.0198048317495847,-0.028082652925034784,-0.0198048317495847
Canada vs. Morocco: O/U 5.5,-0.017045674606016355,-0.026908088720292076,-0.013133356538493462,-0.048959721468367794,-0.007542392448457355,-0.007542392448457355,-0.015205623644794797,-0.023115479570792494,-0.013133356538493462,0.4946242643730195,-0.007542392448457355,0.3400228677604945,0.1859166551324676,-0.05062341378876859,0.10574601718934065,0.39964918281512674,1.0,0.0949534852488326,-0.030329838817135555,-0.017045674606016355,0.3516577026515182,-0.04556441432023215,0.06865696119089909,-0.026908356461136363,0.1623932423109907,-0.031409514324634916,-0.03246444413747976,-0.010694884563150747,-0.018722635772318783,0.6273169010032136,-0.0202768456637547,-0.017045674606016355,0.2855614711799168,-0.013133356538493462,0.8186227280131145,-0.023115479570792494,-0.0202768456637547,-0.0202768456637547,-0.021735042646912395,-0.010694884563150747,-0.017045674606016355,-0.024431482741241732,-0.021735042646912395,-0.017045674606016355,-0.017045674606016355,-0.007542392448457355,-0.04812009354790912,-0.007542392448457355,-0.023115479570792494,-0.021735042646912395,-0.021735042646912395,-0.04024239526796578,-0.03647895047963406,-0.021735042646912395,-0.029221783482124907,-0.018722545582519238,-0.013133356538493462,-0.017045674606016355,-0.024431482741241732,-0.013133356538493462,-0.02569309126486039,-0.02569309126486039,-0.023115479570792494,-0.013133356538493462,-0.018722545582519238,-0.01520551493963325,-0.01520551493963325,-0.017046066654376083,-0.013133356538493462,-0.010694884563150747,-0.010694884563150747,0.4700555193143518,-0.007542392448457355,-0.007542392448457355,-0.04205331805824567,-0.02173512201866854,0.18249766155109348,0.17382708704377936,-0.007542392448457355,-0.010694884563150747,-0.02311578132566756,-0.02173512201866854,-0.007542392448457355,-0.0334970859771587,-0.04294470584119298,-0.021735360139154378,-0.052267536823336624,-0.013133356538493462,-0.035502373458572115,-0.007542392448457355,-0.007542392448457355,-0.07581253689431974,-0.05062294496793933,-0.007542392448457355,-0.010694884563150747,-0.007542392448457355
Canada vs. Morocco: Team to Advance,-0.06702652437962164,0.01003541069376055,-0.051642616825672304,0.320097023908333,0.16476657992650198,0.2021136713765091,0.03991347753818991,0.04176490860995632,-0.051642616825672304,0.09351129987142019,0.18453856951768222,0.08755098885818935,0.2501420598014314,0.41529735103890436,0.3298381348025663,0.4377915494991984,0.0949534852488326,1.0,-0.11926214291273679,-0.06702652437962164,0.23578251083596807,0.34260148163175397,0.49215288246340183,0.32882539090324725,0.13419103787566494,0.48603440389990193,0.4095635759102689,0.21647614567925139,0.011303499705691953,0.02077914198874416,0.17790997893788255,0.12200850185426328,0.09782420379203817,0.05738068536185812,0.17410871919938758,-0.0908940414978659,-0.07973204473490204,-0.07973204473490204,-0.0854659260802266,-0.04205412560534566,-0.06702652437962164,-0.09606879231451247,-0.0854659260802266,-0.06702652437962164,-0.06702652437962164,-0.029657984386770357,-0.1892164844094942,-0.029657984386770357,-0.0908940414978659,-0.0854659260802266,-0.0854659260802266,-0.1582400198212543,-0.14344150760705052,-0.0854659260802266,-0.1149050787517298,-0.07362026947835654,-0.051642616825672304,-0.06702652437962164,-0.09606879231451247,-0.051642616825672304,-0.10102965402402898,-0.10102965402402898,-0.0908940414978659,-0.051642616825672304,-0.07362026947835654,-0.05979070006688424,-0.05979070006688424,-0.06702806598120378,-0.051642616825672304,-0.04205412560534566,-0.04205412560534566,0.2569186075965545,0.20431055910886245,-0.029657984386770357,-0.16536087970845795,-0.0854662381836236,0.2519513611997467,0.2654160046042349,-0.029657984386770357,-0.04205412560534566,-0.09089522804993598,-0.0854662381836236,-0.029657984386770357,0.4976895666852923,0.29908342088995793,-0.08546717451433027,0.28423530733848273,-0.051642616825672304,-0.1396014387905495,-0.029657984386770357,-0.029657984386770357,-0.08044775013143797,-0.19905812667949357,-0.029657984386770357,-0.04205412560534566,-0.029657984386770357
Detroit Tigers vs. Texas Rangers,-0.048340172376531855,-0.07630919145921207,-0.03724515066884743,-0.13884586148632336,-0.02138962285254425,-0.02138962285254425,-0.04312193474716526,-0.06555365468632822,-0.03724515066884743,-0.030329838817135555,-0.02138962285254425,-0.09206657184222883,-0.1505389615958605,-0.1435639600895491,-0.12428598011711346,-0.07964016177496162,-0.030329838817135555,-0.11926214291273679,1.0,-0.048340172376531855,-0.043121626468005346,-0.12921704147152513,-0.13406703540827972,-0.07630995075087192,-0.09206673794747214,-0.08907487511113771,-0.09206657184222883,-0.030329838817135555,-0.05309590036744381,-0.048340172376531855,-0.057503515542428156,-0.048340172376531855,-0.05309590036744381,-0.03724515066884743,-0.03724515066884743,-0.06555365468632822,-0.057503515542428156,-0.057503515542428156,-0.06163884577452716,-0.030329838817135555,0.08000426412369929,-0.06928573461733457,-0.06163884577452716,-0.048340172376531855,0.07867426996307512,-0.02138962285254425,0.06211488916463655,-0.02138962285254425,0.02047668539486717,-0.06163884577452716,-0.06163884577452716,0.0009516390011173911,0.021242853096776166,-0.06163884577452716,-0.003883582763321165,-0.053095644596372414,-0.03724515066884743,-0.048340172376531855,-0.06928573461733457,-0.03724515066884743,-0.0728635556724134,-0.0728635556724134,0.02813296174075226,-0.03724515066884743,-0.053095644596372414,-0.043121626468005346,-0.043121626468005346,-0.04834128419438166,-0.03724515066884743,-0.030329838817135555,-0.030329838817135555,-0.06555365468632822,-0.02138962285254425,-0.02138962285254425,-0.07118665717195322,0.035874591509598014,-0.07964034563413044,-0.08601839526105881,-0.02138962285254425,-0.030329838817135555,0.20799650978267128,0.2192943116907541,-0.02138962285254425,-0.09499506166073564,-0.12178775736397106,-0.0616397461571791,-0.1482265617604266,-0.03724515066884743,-0.03958378915391845,-0.02138962285254425,-0.02138962285254425,-0.07613939315244193,0.1003152349384982,-0.02138962285254425,-0.030329838817135555,-0.02138962285254425
Detroit Tigers vs. Texas Rangers: O/U 8.5,-0.02716766329346826,-0.04288653345322253,-0.020932149451270466,-0.0780327712770683,-0.01202118327394114,-0.01202118327394114,-0.024234961237801552,-0.036841813560413814,-0.020932149451270466,-0.017045674606016355,-0.01202118327394114,-0.05174233978544677,-0.08460441119920781,-0.08068439016744795,-0.06984997144031035,-0.04475857228820929,-0.017045674606016355,-0.06702652437962164,-0.048340172376531855,1.0,-0.024234787981811664,-0.07262127753977159,-0.07534702293477723,-0.042886960182775664,-0.05174243313826492,-0.0500609761189425,-0.05174233978544677,-0.017045674606016355,-0.029840430278369277,-0.02716766329346826,-0.03231755435787069,-0.02716766329346826,-0.029840430278369277,-0.020932149451270466,-0.020932149451270466,-0.036841813560413814,-0.03231755435787069,0.13665708699899606,-0.03464165155963217,-0.017045674606016355,0.17600045998160074,-0.038939280035297855,-0.03464165155963217,-0.02716766329346826,0.178196872125115,-0.01202118327394114,0.20090012061922977,-0.01202118327394114,-0.036841813560413814,-0.03464165155963217,0.13510244108256547,0.02676868348593729,0.1643379979686771,-0.03464165155963217,0.07176571013338304,0.1631268997107457,-0.020932149451270466,0.16961821527138915,0.09827532580337078,0.24281293363473744,-0.04095005146969703,0.10423649465013791,-0.036841813560413814,-0.020932149451270466,-0.02984028653245348,-0.024234787981811664,-0.024234787981811664,-0.0271682881462874,-0.020932149451270466,-0.017045674606016355,-0.017045674606016355,-0.036841813560413814,-0.01202118327394114,-0.01202118327394114,0.028806535458132384,0.1298975032468771,-0.04475867561891224,-0.04834320368769385,-0.01202118327394114,-0.017045674606016355,-0.036842294502062195,0.1386954151360405,-0.01202118327394114,-0.05338818053106577,-0.06844594511494285,-0.03464215758374257,-0.08330481922341587,-0.020932149451270466,0.04187233696498906,-0.01202118327394114,-0.01202118327394114,0.09730613909506648,-0.08068364295346384,-0.01202118327394114,-0.017045674606016355,-0.01202118327394114
Exact Score: Canada 0 - 0 Morocco?,-0.024234787981811664,0.11390992905984301,0.2707501884830091,0.12127079178218411,-0.010723440760711534,-0.010723440760711534,0.23235796653415144,0.13693570349569553,-0.01867242679193166,0.3477959845716113,-0.010723440760711534,0.4902244146617822,0.12356874297471812,0.01560829072595407,-0.062309342916455734,0.2642684494460849,0.3516577026515182,0.23578251083596807,-0.043121626468005346,-0.024234787981811664,1.0,0.13068520702607017,0.2749944475398069,-0.03825711383370437,0.22885799971422058,0.09693330880799678,0.07742313502768279,-0.01520551493963325,-0.026619017368938798,0.2108811233591929,-0.02882872441009571,0.19875090672914328,0.19196677605218826,-0.01867242679193166,0.2800864018789749,-0.03286456883896693,-0.02882872441009571,-0.02882872441009571,-0.03090192453501602,-0.01520551493963325,-0.024234787981811664,-0.03473560407555254,-0.03090192453501602,-0.024234787981811664,-0.024234787981811664,-0.010723440760711534,-0.06841502561517347,-0.010723440760711534,-0.03286456883896693,-0.03090192453501602,-0.03090192453501602,-0.05721486181926684,-0.05186416208842242,-0.03090192453501602,-0.041546242287750015,-0.0266188891410616,-0.01867242679193166,-0.024234787981811664,-0.03473560407555254,-0.01867242679193166,-0.03652930340354235,-0.03652930340354235,-0.03286456883896693,-0.01867242679193166,-0.0266188891410616,-0.02161853016871604,-0.02161853016871604,-0.024235345378869635,-0.01867242679193166,-0.01520551493963325,-0.01520551493963325,0.31408751518557665,-0.010723440760711534,-0.010723440760711534,-0.059789551932052036,-0.03090203738227649,0.10441573202707795,0.23862129562734302,-0.010723440760711534,-0.01520551493963325,-0.032864997860732784,-0.03090203738227649,-0.010723440760711534,-0.04762467871928228,-0.06105688774765423,-0.030902375931475726,0.0077275675981083635,-0.01867242679193166,-0.05047570797320706,-0.010723440760711534,-0.010723440760711534,0.04862850558751119,-0.07197346932106233,-0.010723440760711534,-0.01520551493963325,-0.010723440760711534
Exact Score: Canada 0 - 1 Morocco?,0.15764233764496177,0.16284717978495294,0.15482726848111822,0.22890071899433953,-0.03213355810042108,0.19280134860252648,0.12577967527591336,0.14283307704367276,0.04692854394696722,0.09406846827402766,0.1554849585504246,0.23786466342042595,0.4284191470366908,0.08661230459790353,0.28990287888873306,0.22523862459067542,-0.04556441432023215,0.34260148163175397,-0.12921704147152513,-0.07262127753977159,0.13068520702607017,1.0,0.35779696693760055,0.24124528282561528,0.09475860972042625,0.5575703489498086,0.21706443694928224,-0.04556441432023215,0.06196291283045835,0.1814503168049538,0.05773268280367585,0.26304048945101977,0.15396109287699908,0.1883540236601617,0.0720322271355294,-0.09848103382091697,-0.08638733699978685,-0.08638733699978685,-0.09259982962734035,-0.04556441432023215,-0.07262127753977159,-0.10408772488438953,-0.09259982962734035,-0.07262127753977159,-0.07262127753977159,-0.03213355810042108,-0.20501052317102567,-0.03213355810042108,-0.03777431473064927,0.23945724845260857,-0.09259982962734035,-0.17144843035949064,-0.15541467547468368,-0.09259982962734035,-0.12449628996868753,-0.07976540737902252,-0.05595326393676862,-0.07262127753977159,-0.10408772488438953,-0.05595326393676862,-0.10946267336005233,-0.10946267336005233,-0.09848103382091697,-0.05595326393676862,-0.07976540737902252,-0.0647814736635006,-0.0647814736635006,-0.07262294781996868,-0.05595326393676862,0.09850125819765496,-0.04556441432023215,0.02790772199248947,0.17207002079580322,-0.03213355810042108,-0.17916367364529148,-0.09260016778223686,0.2731643721149814,0.35576063819861226,-0.03213355810042108,-0.04556441432023215,-0.09848231941535879,-0.09260016778223686,-0.03213355810042108,0.19015381288933944,0.34434900003916,-0.09260118226915448,0.42265893218992423,-0.05595326393676862,-0.1512540732970221,-0.03213355810042108,-0.03213355810042108,-0.06215490391695448,-0.21567365454106086,-0.03213355810042108,-0.04556441432023215,-0.03213355810042108
Exact Score: Canada 0 - 2 Morocco?,-0.00427655060428269,-0.020678632697834144,0.12978010508553683,0.4009620807968464,0.13537918280421526,-0.03333964949656048,0.016663265317111292,0.008021943683709879,0.06105985005817411,0.06743662880497121,0.1757908791636825,0.17264329653432825,0.25293393777706025,0.36914916986293445,0.40752272554214275,0.263350856341044,0.06865696119089909,0.49215288246340183,-0.13406703540827972,-0.07534702293477723,0.2749944475398069,0.35779696693760055,1.0,0.3918426932568626,-0.0048222732467655335,0.4102577792106411,0.4739989648443789,0.22649672270991902,-0.082759697081069,-0.001048600543648976,0.21379223046164797,0.1656160665091307,-0.013684918110674337,0.05856533179360236,0.03635667291573599,-0.10217739160374101,-0.08962977356922083,-0.08962977356922083,-0.09607544404415917,-0.04727461547224968,-0.07534702293477723,-0.10799452253917961,-0.09607544404415917,-0.07534702293477723,-0.07534702293477723,-0.03333964949656048,-0.21270532706861736,-0.03333964949656048,-0.10217739160374101,-0.03729335418164331,-0.09607544404415917,-0.17788352466470161,-0.16124796360101026,-0.09607544404415917,-0.12916909662499557,-0.0827592984149527,-0.05805339707512682,-0.07534702293477723,-0.10799452253917961,-0.05805339707512682,-0.11357121272956104,-0.11357121272956104,-0.10217739160374101,-0.05805339707512682,-0.0827592984149527,-0.06721296219553945,-0.06721296219553945,-0.07534875590677362,-0.05805339707512682,-0.04727461547224968,-0.04727461547224968,0.08163924987846337,0.17174970952773577,-0.03333964949656048,-0.18588834959337705,-0.09607579489126082,0.2704276933939442,0.3240367911446116,-0.03333964949656048,-0.04727461547224968,-0.1021787254513016,-0.09607579489126082,-0.03333964949656048,0.3919285295243151,0.14251381075052474,-0.09607684745562815,0.3912661525496633,-0.05805339707512682,-0.15693119862078708,-0.03333964949656048,-0.03333964949656048,-0.017463042714827508,-0.22376868523461185,-0.03333964949656048,-0.04727461547224968,-0.03333964949656048
Exact Score: Canada 0 - 3 Morocco?,-0.042886960182775664,-0.06770081890067578,-0.033043558084451745,0.20564293213395374,-0.018976678371279476,-0.018976678371279476,-0.03825738733616425,-0.05815860474119571,-0.033043558084451745,-0.026908356461136363,0.2814873958406456,-0.002360001404190946,0.040879685409288206,0.20103104481776243,0.2456880232375035,0.011704111654622991,-0.026908356461136363,0.32882539090324725,-0.07630995075087192,-0.042886960182775664,-0.03825711383370437,0.24124528282561528,0.3918426932568626,1.0,-0.0816807704729695,0.24710564068229626,0.29797877693705715,0.39453725121632655,-0.04710619869515984,-0.042886960182775664,-0.051016594691230426,0.08865574255772726,-0.04710619869515984,-0.033043558084451745,-0.033043558084451745,-0.05815860474119571,-0.051016594691230426,-0.051016594691230426,-0.05468542196857705,-0.026908356461136363,-0.042886960182775664,-0.061469672028115666,-0.05468542196857705,-0.042886960182775664,-0.042886960182775664,-0.018976678371279476,-0.12107027640033777,-0.018976678371279476,-0.05815860474119571,-0.05468542196857705,-0.05468542196857705,-0.1012499677136634,-0.09178113116023716,-0.05468542196857705,-0.0735220807409551,-0.04710597177739734,-0.033043558084451745,-0.042886960182775664,-0.061469672028115666,-0.033043558084451745,-0.06464388224679404,-0.06464388224679404,-0.05815860474119571,-0.033043558084451745,-0.04710597177739734,-0.03825711383370437,-0.03825711383370437,-0.04288794657743483,-0.033043558084451745,-0.026908356461136363,-0.026908356461136363,0.04414036373949657,-0.018976678371279476,-0.018976678371279476,-0.10580625400892113,-0.05468562166811517,0.0116322459313091,0.09116941505112588,-0.018976678371279476,-0.026908356461136363,-0.05815936395722036,-0.05468562166811517,-0.018976678371279476,0.22167970926831412,0.13079399406082304,-0.054686220779856465,0.2578307010390038,-0.033043558084451745,-0.08932406091891537,-0.018976678371279476,-0.018976678371279476,-0.004029608080889405,-0.1273674568684169,-0.018976678371279476,-0.026908356461136363,-0.018976678371279476
Exact Score: Canada 1 - 0 Morocco?,0.42803054166882765,0.45487915048688177,-0.03986652557207335,0.1904354345116536,-0.022895059655140552,-0.022895059655140552,0.34411188888719835,0.4658028241893456,0.24468757333431176,0.32640314208650095,-0.022895059655140552,0.37001842072563185,0.5237486468305586,0.10847039737557251,0.22177378501759198,0.15024319947101408,0.1623932423109907,0.13419103787566494,-0.09206673794747214,-0.05174243313826492,0.22885799971422058,0.09475860972042625,-0.0048222732467655335,-0.0816807704729695,1.0,-0.01967418167295532,0.08658282019329692,-0.03246450270938359,0.36608827901536534,0.1833708027302108,0.2318845113110428,0.17273888416255362,0.3690923614795232,0.24781435965369009,0.11881788013637547,-0.07016742861725796,-0.06155070745287097,-0.06155070745287097,-0.0659770890216489,-0.03246450270938359,-0.05174243313826492,-0.07416217846615397,-0.0659770890216489,-0.05174243313826492,-0.05174243313826492,-0.022895059655140552,-0.1460693566290967,-0.022895059655140552,0.021134913831182933,0.39382449302021433,-0.0659770890216489,-0.12215647045974999,-0.11073247024675316,-0.0659770890216489,-0.08870321726492608,-0.05683260330686435,-0.03986652557207335,-0.05174243313826492,-0.07416217846615397,-0.03986652557207335,-0.07799181244596506,-0.07799181244596506,-0.07016742861725796,-0.03986652557207335,-0.05683260330686435,-0.046156597393873,-0.046156597393873,-0.051743623207681874,0.2695529693027011,0.3398213990420134,-0.03246450270938359,0.2864253993837926,-0.022895059655140552,-0.022895059655140552,-0.12765355717297078,-0.06597732995595514,-0.08524556402043072,0.3116920531619405,-0.022895059655140552,-0.03246450270938359,-0.07016834459927732,-0.06597732995595514,-0.022895059655140552,0.01987766796312641,0.18249791531714998,-0.06597805277471133,0.029701633625060578,-0.03986652557207335,-0.10776805420663771,-0.022895059655140552,-0.022895059655140552,0.002552539053442256,-0.10352257324094755,0.23703120584145512,-0.03246450270938359,-0.022895059655140552
Exact Score: Canada 1 - 1 Morocco?,-0.0500609761189425,-0.07902563072261637,-0.038570996058027635,0.2450707617249761,-0.02215104634865242,0.22981710586726886,-0.04465698071503885,-0.06788722051299236,-0.038570996058027635,-0.031409514324634916,0.24643039062875818,-0.019295797212186404,0.3820836915143258,0.228627205330694,0.3873930732884974,0.2873749667382897,-0.031409514324634916,0.48603440389990193,-0.08907487511113771,-0.0500609761189425,0.09693330880799678,0.5575703489498086,0.4102577792106411,0.24710564068229626,-0.01967418167295532,1.0,0.2845369681564027,0.14823961257975846,0.05965301895699556,-0.0500609761189425,0.04349820717744977,0.18619239768682874,-0.05498599755922208,-0.038570996058027635,0.09976928940671037,-0.06788722051299236,-0.05955051413350515,-0.05955051413350515,-0.06383305302022109,-0.031409514324634916,-0.0500609761189425,-0.07175215427542961,-0.06383305302022109,-0.0500609761189425,-0.0500609761189425,-0.02215104634865242,-0.14132258825901267,-0.02215104634865242,-0.06788722051299236,-0.06383305302022109,-0.06383305302022109,-0.11818679137331566,-0.10713403317933161,-0.06383305302022109,-0.0858206576661528,-0.05498573268326349,-0.038570996058027635,-0.0500609761189425,-0.07175215427542961,-0.038570996058027635,-0.07545733788547201,-0.07545733788547201,-0.06788722051299236,-0.038570996058027635,-0.05498573268326349,-0.044656661461819354,-0.044656661461819354,-0.050062127515060714,-0.038570996058027635,-0.031409514324634916,-0.031409514324634916,0.02167122912319509,0.2519681522159213,-0.02215104634865242,-0.12350524104766605,-0.06383328612496356,0.22634150912911244,0.27625940438965507,-0.02215104634865242,-0.031409514324634916,-0.06788810672864198,-0.06383328612496356,-0.02215104634865242,0.36181333916224173,0.3079435010703989,-0.06383398545451373,0.3142507947382807,-0.038570996058027635,-0.10426595080302985,-0.02215104634865242,-0.02215104634865242,-0.11378656112923372,-0.14867314422487454,-0.02215104634865242,-0.031409514324634916,-0.02215104634865242
Exact Score: Canada 1 - 2 Morocco?,0.05843840728709282,0.06567263517069308,0.1047471527158001,0.3739596626256601,-0.02289501834826318,-0.02289501834826318,0.08074574585906943,0.09944068209631012,0.10476369652891164,0.1431951765690517,-0.02289501834826318,0.22766603881154965,0.06095804391726087,0.43309747902112355,0.4574901479795265,0.20373420288608296,-0.03246444413747976,0.4095635759102689,-0.09206657184222883,-0.05174233978544677,0.07742313502768279,0.21706443694928224,0.4739989648443789,0.29797877693705715,0.08658282019329692,0.2845369681564027,1.0,0.326705675923209,-0.05683277454261345,-0.05174233978544677,0.14417634032985802,0.18084535553146905,-0.05683277454261345,-0.03986645364556571,0.0954826173733302,-0.07016730202237621,-0.061550596404131054,-0.061550596404131054,-0.06597696998690661,-0.03246444413747976,-0.05174233978544677,-0.07416204466401245,-0.06597696998690661,-0.05174233978544677,-0.05174233978544677,-0.02289501834826318,-0.14606909309324692,-0.02289501834826318,-0.07016730202237621,-0.06597696998690661,-0.06597696998690661,-0.12215625006712287,-0.110732270465113,-0.06597696998690661,-0.0887030572280896,-0.056832500770447714,-0.03986645364556571,-0.05174233978544677,-0.07416204466401245,-0.03986645364556571,-0.07799167173446304,-0.07799167173446304,-0.07016730202237621,-0.03986645364556571,-0.056832500770447714,-0.04615651411892472,-0.04615651411892472,-0.05174352985271661,0.10012315695112092,0.13944655883640156,-0.03246444413747976,-0.07016730202237621,0.2531919676160869,-0.02289501834826318,-0.12765332686259326,-0.06597721092077816,0.27669400120269316,0.11605566750042759,-0.02289501834826318,-0.03246444413747976,-0.07016821800274298,-0.06597721092077816,-0.02289501834826318,0.36254789628314676,0.0850600519011972,-0.06597793373823026,0.38847306567403345,-0.03986645364556571,-0.10776785977334655,-0.02289501834826318,-0.02289501834826318,-0.035201930950458905,-0.15366652714035597,-0.02289501834826318,-0.03246444413747976,-0.02289501834826318
Exact Score: Canada 1 - 3 Morocco?,-0.017045674606016355,-0.026908088720292076,-0.013133356538493462,-0.048959721468367794,-0.007542392448457355,-0.007542392448457355,-0.015205623644794797,-0.023115479570792494,-0.013133356538493462,-0.010694884563150747,-0.007542392448457355,-0.03246444413747976,-0.0530829334844571,0.18467085453331714,0.08319752807977993,-0.028082652925034784,-0.010694884563150747,0.21647614567925139,-0.030329838817135555,-0.017045674606016355,-0.01520551493963325,-0.04556441432023215,0.22649672270991902,0.39453725121632655,-0.03246450270938359,0.14823961257975846,0.326705675923209,1.0,-0.018722635772318783,-0.017045674606016355,-0.0202768456637547,-0.017045674606016355,-0.018722635772318783,-0.013133356538493462,-0.013133356538493462,-0.023115479570792494,-0.0202768456637547,-0.0202768456637547,-0.021735042646912395,-0.010694884563150747,-0.017045674606016355,-0.024431482741241732,-0.021735042646912395,-0.017045674606016355,-0.017045674606016355,-0.007542392448457355,-0.04812009354790912,-0.007542392448457355,-0.023115479570792494,-0.021735042646912395,-0.021735042646912395,-0.04024239526796578,-0.03647895047963406,-0.021735042646912395,-0.029221783482124907,-0.018722545582519238,-0.013133356538493462,-0.017045674606016355,-0.024431482741241732,-0.013133356538493462,-0.02569309126486039,-0.02569309126486039,-0.023115479570792494,-0.013133356538493462,-0.018722545582519238,-0.01520551493963325,-0.01520551493963325,-0.017046066654376083,-0.013133356538493462,-0.010694884563150747,-0.010694884563150747,-0.023115479570792494,-0.007542392448457355,-0.007542392448457355,-0.04205331805824567,-0.02173512201866854,-0.028082717757314253,-0.030331740737927892,-0.007542392448457355,-0.010694884563150747,-0.02311578132566756,-0.02173512201866854,-0.007542392448457355,0.3293387806478554,-0.04294470584119298,-0.021735360139154378,0.09121823276290901,-0.013133356538493462,-0.035502373458572115,-0.007542392448457355,-0.007542392448457355,0.042926138519105664,-0.05062294496793933,-0.007542392448457355,-0.010694884563150747,-0.007542392448457355
Exact Score: Canada 2 - 0 Morocco?,0.3441701549354916,0.19763083011705299,-0.02299146376814882,0.0796609734750363,-0.013203832713716807,-0.013203832713716807,0.39476942238894913,0.23237806591691315,-0.02299146376814882,-0.018722635772318783,-0.013203832713716807,0.05002864321963638,0.2519171894612824,0.18913157010793175,0.08555211066033255,0.06190095956869327,-0.018722635772318783,0.011303499705691953,-0.05309590036744381,-0.029840430278369277,-0.026619017368938798,0.06196291283045835,-0.082759697081069,-0.04710619869515984,0.36608827901536534,0.05965301895699556,-0.05683277454261345,-0.018722635772318783,1.0,-0.029840430278369277,0.13279837700336197,0.15705434221641904,0.135671275109591,-0.02299146376814882,-0.02299146376814882,-0.04046632781784083,-0.035496969951600746,-0.035496969951600746,-0.03804971288573415,-0.018722635772318783,-0.029840430278369277,-0.042770143991830385,-0.03804971288573415,-0.029840430278369277,-0.029840430278369277,-0.013203832713716807,-0.08423980450724858,-0.013203832713716807,0.10481754283680583,0.2615833877047473,-0.03804971288573415,-0.070448980048256,-0.06386063347891184,-0.03804971288573415,-0.051156120996242525,-0.032775987398677896,-0.02299146376814882,-0.029840430278369277,-0.042770143991830385,-0.02299146376814882,-0.04497873602809694,-0.04497873602809694,-0.04046632781784083,-0.02299146376814882,-0.032775987398677896,-0.026619017368938798,-0.026619017368938798,-0.029841116604490976,-0.02299146376814882,-0.018722635772318783,-0.018722635772318783,0.10325535067922899,-0.013203832713716807,-0.013203832713716807,-0.07361921041530665,-0.038049851835198475,0.0668099712842642,0.060703564058938085,-0.013203832713716807,-0.018722635772318783,-0.04046685607474581,-0.038049851835198475,-0.013203832713716807,0.03425581645881233,0.0944339468543462,-0.03805026869272507,0.0519755951483777,-0.02299146376814882,-0.0621510221445402,-0.013203832713716807,-0.013203832713716807,0.05789881547911939,-0.08862133618744199,-0.013203832713716807,-0.018722635772318783,-0.013203832713716807
Exact Score: Canada 2 - 1 Morocco?,-0.02716766329346826,0.0970430730520009,-0.020932149451270466,-0.0780327712770683,-0.01202118327394114,-0.01202118327394114,0.19875232761160005,0.11942725453975413,-0.020932149451270466,0.3068041051573886,-0.01202118327394114,0.2911034020845471,0.2361626942664871,-0.08068439016744795,0.10563008087578113,0.22793899536566853,0.6273169010032136,0.02077914198874416,-0.048340172376531855,-0.02716766329346826,0.2108811233591929,0.1814503168049538,-0.001048600543648976,-0.042886960182775664,0.1833708027302108,-0.0500609761189425,-0.05174233978544677,-0.017045674606016355,-0.029840430278369277,1.0,-0.03231755435787069,-0.02716766329346826,0.5362488469759931,0.23996291258070201,0.5093194360839817,-0.036841813560413814,-0.03231755435787069,-0.03231755435787069,-0.03464165155963217,-0.017045674606016355,-0.02716766329346826,-0.038939280035297855,-0.03464165155963217,-0.02716766329346826,-0.02716766329346826,-0.01202118327394114,-0.07669455914043834,-0.01202118327394114,-0.036841813560413814,0.13150997351341842,-0.03464165155963217,-0.06413896017801911,-0.058140722901046424,-0.03464165155963217,-0.04657413642032069,-0.02984028653245348,-0.020932149451270466,-0.02716766329346826,-0.038939280035297855,-0.020932149451270466,-0.04095005146969703,-0.04095005146969703,-0.036841813560413814,-0.020932149451270466,-0.02984028653245348,-0.024234787981811664,-0.024234787981811664,-0.0271682881462874,-0.020932149451270466,0.2999677975640762,-0.017045674606016355,0.2775936435499116,-0.01202118327394114,-0.01202118327394114,-0.06702523729839939,-0.03464177806358089,0.22659876517039043,0.08112108944730059,-0.01202118327394114,-0.017045674606016355,-0.036842294502062195,-0.03464177806358089,-0.01202118327394114,0.055647997696401885,0.10045464219930804,-0.03464215758374257,0.1540670135147809,-0.020932149451270466,-0.05658423914187711,-0.01202118327394114,-0.01202118327394114,-0.07684053254077369,-0.08068364295346384,-0.01202118327394114,-0.017045674606016355,-0.01202118327394114
Exact Score: Canada 2 - 2 Morocco?,-0.03231755435787069,-0.05101608707099896,-0.024900039079958226,0.14546434602808653,-0.01429991382420151,-0.01429991382420151,0.16875710681969483,-0.04382553256493972,0.42330066435928987,-0.0202768456637547,-0.01429991382420151,0.12470762205059126,0.23089463017137646,0.19985749484360096,0.33044835055767463,0.17265042905318212,-0.0202768456637547,0.17790997893788255,-0.057503515542428156,-0.03231755435787069,-0.02882872441009571,0.05773268280367585,0.21379223046164797,-0.051016594691230426,0.2318845113110428,0.04349820717744977,0.14417634032985802,-0.0202768456637547,0.13279837700336197,-0.03231755435787069,1.0,-0.03231755435787069,-0.035496969951600746,0.19682888034633647,-0.024900039079958226,-0.04382553256493972,-0.03844365665136282,-0.03844365665136282,-0.041208308761467555,-0.0202768456637547,-0.03231755435787069,-0.0463205939209222,-0.041208308761467555,-0.03231755435787069,-0.03231755435787069,-0.01429991382420151,-0.09123274818301921,-0.01429991382420151,-0.04382553256493972,-0.041208308761467555,-0.041208308761467555,-0.07629711505254073,-0.06916185438783069,-0.041208308761467555,-0.055402710537732366,-0.03549679895726836,-0.024900039079958226,-0.03231755435787069,-0.0463205939209222,-0.024900039079958226,-0.04871252636025248,-0.04871252636025248,-0.04382553256493972,-0.024900039079958226,-0.03549679895726836,-0.02882872441009571,-0.02882872441009571,-0.03231829765753287,-0.024900039079958226,-0.0202768456637547,-0.0202768456637547,0.08213008597077895,0.36362638010112414,-0.01429991382420151,-0.0797305136750934,-0.04120845924545268,0.0618708547663539,0.13655949101358933,-0.01429991382420151,-0.0202768456637547,-0.04382610467368889,-0.04120845924545268,-0.01429991382420151,0.13823362510325743,0.14883138395943163,-0.041208910707299894,0.11565334660563605,-0.024900039079958226,-0.06731032420834004,-0.01429991382420151,-0.01429991382420151,0.028156098732413593,-0.09597800108066346,-0.01429991382420151,-0.0202768456637547,-0.01429991382420151
Exact Score: Canada 2 - 3 Morocco?,-0.02716766329346826,-0.04288653345322253,-0.020932149451270466,0.20060851222038148,-0.01202118327394114,-0.01202118327394114,-0.024234961237801552,-0.036841813560413814,-0.020932149451270466,0.3068221429082944,-0.01202118327394114,0.3140549061810982,0.09437644451390995,0.0983096546347429,0.11226206867682793,0.08251462313254897,-0.017045674606016355,0.12200850185426328,-0.048340172376531855,-0.02716766329346826,0.19875090672914328,0.26304048945101977,0.1656160665091307,0.08865574255772726,0.17273888416255362,0.18619239768682874,0.18084535553146905,-0.017045674606016355,0.15705434221641904,-0.02716766329346826,-0.03231755435787069,1.0,-0.029840430278369277,-0.020932149451270466,-0.020932149451270466,-0.036841813560413814,-0.03231755435787069,-0.03231755435787069,-0.03464165155963217,-0.017045674606016355,-0.02716766329346826,-0.038939280035297855,-0.03464165155963217,-0.02716766329346826,-0.02716766329346826,-0.01202118327394114,-0.07669455914043834,-0.01202118327394114,-0.036841813560413814,-0.03464165155963217,-0.03464165155963217,-0.06413896017801911,-0.058140722901046424,-0.03464165155963217,-0.04657413642032069,-0.02984028653245348,-0.020932149451270466,-0.02716766329346826,-0.038939280035297855,-0.020932149451270466,-0.04095005146969703,-0.04095005146969703,-0.036841813560413814,-0.020932149451270466,-0.02984028653245348,-0.024234787981811664,-0.024234787981811664,-0.0271682881462874,-0.020932149451270466,-0.017045674606016355,-0.017045674606016355,0.12785690406221917,-0.01202118327394114,-0.01202118327394114,-0.06702523729839939,-0.03464177806358089,0.08814016121878102,0.2016568106419506,-0.01202118327394114,-0.017045674606016355,-0.036842294502062195,-0.03464177806358089,-0.01202118327394114,0.05931392332016937,0.1183654405355085,-0.03464215758374257,0.16354687816877644,-0.020932149451270466,-0.05658423914187711,-0.01202118327394114,-0.01202118327394114,0.06192124619808887,-0.08068364295346384,-0.01202118327394114,-0.017045674606016355,-0.01202118327394114
Exact Score: Canada 3 - 1 Morocco?,0.15518076317248616,0.20010935030138371,-0.02299146376814882,0.07088485603616435,-0.013203832713716807,-0.013203832713716807,0.17858812341519995,0.2412437046588975,-0.02299146376814882,0.28235848058041957,-0.013203832713716807,0.15782459721645456,0.2826513897792415,-0.019055939264649338,0.07730508409481006,0.20291722809157678,0.2855614711799168,0.09782420379203817,-0.05309590036744381,-0.029840430278369277,0.19196677605218826,0.15396109287699908,-0.013684918110674337,-0.04710619869515984,0.3690923614795232,-0.05498599755922208,-0.05683277454261345,-0.018722635772318783,0.135671275109591,0.5362488469759931,-0.035496969951600746,-0.029840430278369277,1.0,0.21710105293592374,0.22480542351078844,-0.04046632781784083,-0.035496969951600746,-0.035496969951600746,-0.03804971288573415,-0.018722635772318783,-0.029840430278369277,-0.042770143991830385,-0.03804971288573415,-0.029840430278369277,-0.029840430278369277,-0.013203832713716807,-0.08423980450724858,-0.013203832713716807,0.10637973499438268,0.2630932969462447,-0.03804971288573415,-0.070448980048256,-0.06386063347891184,-0.03804971288573415,-0.051156120996242525,-0.032775987398677896,-0.02299146376814882,-0.029840430278369277,-0.042770143991830385,-0.02299146376814882,-0.04497873602809694,-0.04497873602809694,-0.04046632781784083,-0.02299146376814882,-0.032775987398677896,-0.026619017368938798,-0.026619017368938798,-0.029841116604490976,-0.02299146376814882,0.27301367295508233,-0.018722635772318783,0.24449496752492036,-0.013203832713716807,-0.013203832713716807,-0.07361921041530665,-0.038049851835198475,0.06612633126663048,0.16359307714042523,-0.013203832713716807,-0.018722635772318783,-0.04046685607474581,-0.038049851835198475,-0.013203832713716807,0.047809904185470875,0.102095872739931,-0.03805026869272507,0.11614958648315914,-0.02299146376814882,-0.0621510221445402,-0.013203832713716807,-0.013203832713716807,-0.07372579210825848,-0.08862133618744199,-0.013203832713716807,-0.018722635772318783,-0.013203832713716807
Exact Score: Canada 3 - 2 Morocco?,-0.020932149451270466,0.15247284347908993,-0.01612780885559875,-0.06012271327218285,-0.009262084933588906,-0.009262084933588906,0.276959844750971,0.17879273573270862,0.32251825163553616,-0.013133356538493462,-0.009262084933588906,0.10167000347705117,0.2218279532628758,0.034723202438959606,0.17732815752645403,-0.03448559834689723,-0.013133356538493462,0.05738068536185812,-0.03724515066884743,-0.020932149451270466,-0.01867242679193166,0.1883540236601617,0.05856533179360236,-0.033043558084451745,0.24781435965369009,-0.038570996058027635,-0.03986645364556571,-0.013133356538493462,-0.02299146376814882,0.23996291258070201,0.19682888034633647,-0.020932149451270466,0.21710105293592374,1.0,-0.01612780885559875,-0.028385891682036344,-0.024900039079958226,-0.024900039079958226,-0.026690710196610616,-0.013133356538493462,-0.020932149451270466,-0.030001948287532405,-0.026690710196610616,-0.020932149451270466,-0.020932149451270466,-0.009262084933588906,-0.05909164717942186,-0.009262084933588906,-0.028385891682036344,0.19359002766060168,-0.026690710196610616,-0.04941780548414575,-0.044796281808388155,-0.026690710196610616,-0.03588445474986432,-0.022991353014752035,-0.01612780885559875,-0.020932149451270466,-0.030001948287532405,-0.01612780885559875,-0.03155120807195076,-0.03155120807195076,-0.028385891682036344,-0.01612780885559875,-0.022991353014752035,-0.01867242679193166,-0.01867242679193166,-0.020932630888060008,-0.01612780885559875,0.4071572155796086,-0.013133356538493462,-0.028385891682036344,-0.009262084933588906,-0.009262084933588906,-0.051641625154941945,-0.026690807665411372,-0.03448567796116856,-0.03724748623439058,-0.009262084933588906,-0.013133356538493462,-0.028386262238103404,-0.026690807665411372,-0.009262084933588906,-0.04113454152224999,-0.05273625254417441,-0.026691100078220616,0.05279210104949769,-0.01612780885559875,-0.043597041729715645,-0.009262084933588906,-0.009262084933588906,-0.016114820135038226,-0.06216515768512549,-0.009262084933588906,-0.013133356538493462,-0.009262084933588906
Exact Score: Canada 3 - 3 Morocco?,-0.020932149451270466,-0.03304322929773627,-0.01612780885559875,-0.06012271327218285,-0.009262084933588906,-0.009262084933588906,-0.018672560282259283,-0.028385891682036344,-0.01612780885559875,0.398378481667635,-0.009262084933588906,0.2665249651804025,0.13130329381784425,0.05364642916495347,0.18197909814634536,0.47237456555322566,0.8186227280131145,0.17410871919938758,-0.03724515066884743,-0.020932149451270466,0.2800864018789749,0.0720322271355294,0.03635667291573599,-0.033043558084451745,0.11881788013637547,0.09976928940671037,0.0954826173733302,-0.013133356538493462,-0.02299146376814882,0.5093194360839817,-0.024900039079958226,-0.020932149451270466,0.22480542351078844,-0.01612780885559875,1.0,-0.028385891682036344,-0.024900039079958226,-0.024900039079958226,-0.026690710196610616,-0.013133356538493462,-0.020932149451270466,-0.030001948287532405,-0.026690710196610616,-0.020932149451270466,-0.020932149451270466,-0.009262084933588906,-0.05909164717942186,-0.009262084933588906,-0.028385891682036344,-0.026690710196610616,-0.026690710196610616,-0.04941780548414575,-0.044796281808388155,-0.026690710196610616,-0.03588445474986432,-0.022991353014752035,-0.01612780885559875,-0.020932149451270466,-0.030001948287532405,-0.01612780885559875,-0.03155120807195076,-0.03155120807195076,-0.028385891682036344,-0.01612780885559875,-0.022991353014752035,-0.01867242679193166,-0.01867242679193166,-0.020932630888060008,-0.01612780885559875,-0.013133356538493462,-0.013133356538493462,0.3774272264389277,-0.009262084933588906,-0.009262084933588906,-0.051641625154941945,-0.026690807665411372,0.1406609561663998,0.13255813208025094,-0.009262084933588906,-0.013133356538493462,-0.028386262238103404,-0.026690807665411372,-0.009262084933588906,-0.04113454152224999,0.07646690183716899,-0.026691100078220616,0.04111502701595199,-0.01612780885559875,-0.043597041729715645,-0.009262084933588906,-0.009262084933588906,-0.09309806676655354,-0.06216515768512549,-0.009262084933588906,-0.013133356538493462,-0.009262084933588906
Exact Score: Paraguay 0 - 0 France?,-0.036841813560413814,-0.05815802605724828,-0.028385891682036344,-0.1058195097582555,-0.016301813967952983,-0.016301813967952983,-0.03286480378979096,-0.04996083806540043,-0.028385891682036344,-0.023115479570792494,-0.016301813967952983,-0.07016730202237621,-0.11473124906326392,-0.10941534528291491,-0.0947228915938033,-0.060696680375487644,-0.023115479570792494,-0.0908940414978659,-0.06555365468632822,-0.036841813560413814,-0.03286456883896693,-0.09848103382091697,-0.10217739160374101,-0.05815860474119571,-0.07016742861725796,-0.06788722051299236,-0.07016730202237621,-0.023115479570792494,-0.04046632781784083,-0.036841813560413814,-0.04382553256493972,-0.036841813560413814,-0.04046632781784083,-0.028385891682036344,-0.028385891682036344,1.0,0.21616841799542072,0.3492424189936063,0.07052796767466263,-0.023115479570792494,0.12111664987056675,0.490116626831971,0.32508456485499904,0.2808857985535465,-0.036841813560413814,-0.016301813967952983,0.39724449800042977,-0.016301813967952983,-0.04996083806540043,-0.04697721899739643,0.3209143355377699,0.3520670641380309,0.29941816026740503,0.4472916160387023,0.21461350634778006,0.37758081860396264,-0.028385891682036344,0.2791617489595377,0.0574927788759064,0.1660432817379551,0.0504836190811599,0.16213225319133945,0.4213922067750147,-0.028385891682036344,0.3851855651132811,0.13684876019188874,0.1498322935603695,0.4159300329983954,-0.028385891682036344,-0.023115479570792494,-0.023115479570792494,-0.04996083806540043,-0.016301813967952983,-0.016301813967952983,0.10682570947016656,-0.04697739054821561,-0.06069682050128542,-0.06555776541898371,-0.016301813967952983,-0.023115479570792494,-0.04996149026586213,0.07697001026330212,-0.016301813967952983,-0.07239921123169,-0.09281890465336082,0.08361984274278714,-0.11296888456545864,0.17452066737844565,0.512155681801234,-0.016301813967952983,-0.016301813967952983,-0.1638580704114047,-0.10941433199303438,-0.016301813967952983,-0.023115479570792494,-0.016301813967952983
Exact Score: Paraguay 0 - 1 France?,-0.03231755435787069,-0.05101608707099896,-0.024900039079958226,-0.09282463126110119,-0.01429991382420151,-0.01429991382420151,-0.028828930508419687,-0.04382553256493972,-0.024900039079958226,-0.0202768456637547,-0.01429991382420151,-0.061550596404131054,-0.10064198854022932,-0.09597888993622265,-0.08309070325752571,-0.053242988816511794,-0.0202768456637547,-0.07973204473490204,-0.057503515542428156,-0.03231755435787069,-0.02882872441009571,-0.08638733699978685,-0.08962977356922083,-0.051016594691230426,-0.06155070745287097,-0.05955051413350515,-0.061550596404131054,-0.0202768456637547,-0.035496969951600746,-0.03231755435787069,-0.03844365665136282,-0.03231755435787069,-0.035496969951600746,-0.024900039079958226,-0.024900039079958226,0.21616841799542072,1.0,0.4031332763244195,0.3768239753561863,0.2578209355674086,0.14404395656650934,0.20771092630027443,0.5120046707641751,-0.03231755435787069,-0.03231755435787069,-0.01429991382420151,0.32751465423044646,-0.01429991382420151,-0.04382553256493972,-0.041208308761467555,-0.041208308761467555,0.25787848189988155,0.17792442790612284,0.23567072272596665,0.2632361590628765,0.13020859058172587,0.4233508534025349,-0.03231755435787069,0.33208679768703486,0.20636479856289897,0.18903593253592105,0.31494273381681825,0.3408799758939554,0.4280435289459486,0.11834949372676548,0.3706223425012191,0.3583107557350029,0.324145441373293,-0.024900039079958226,-0.0202768456637547,-0.0202768456637547,-0.04382553256493972,-0.01429991382420151,-0.01429991382420151,0.17490670789193105,0.10082912595233258,-0.053243111734540216,-0.057507121467685524,-0.01429991382420151,-0.0202768456637547,-0.04382610467368889,-0.04120845924545268,-0.01429991382420151,-0.06350842204361949,-0.0814205302801959,0.09860703633532475,-0.0990960464447674,0.19208601575967776,0.4803250489935884,-0.01429991382420151,-0.01429991382420151,-0.10313615810147383,-0.09597800108066346,-0.01429991382420151,-0.0202768456637547,-0.01429991382420151
Exact Score: Paraguay 0 - 2 France?,-0.03231755435787069,-0.05101608707099896,-0.024900039079958226,-0.09282463126110119,-0.01429991382420151,-0.01429991382420151,-0.028828930508419687,-0.04382553256493972,-0.024900039079958226,-0.0202768456637547,-0.01429991382420151,-0.061550596404131054,-0.10064198854022932,-0.09597888993622265,-0.08309070325752571,-0.053242988816511794,-0.0202768456637547,-0.07973204473490204,-0.057503515542428156,0.13665708699899606,-0.02882872441009571,-0.08638733699978685,-0.08962977356922083,-0.051016594691230426,-0.06155070745287097,-0.05955051413350515,-0.061550596404131054,-0.0202768456637547,-0.035496969951600746,-0.03231755435787069,-0.03844365665136282,-0.03231755435787069,-0.035496969951600746,-0.024900039079958226,-0.024900039079958226,0.3492424189936063,0.4031332763244195,1.0,0.23546826315911135,0.2519968982641381,0.1403505217827527,0.19989629548912563,0.3768862706075264,0.3147871473833231,-0.03231755435787069,0.37179775942923926,0.339955667910466,-0.01429991382420151,-0.04382553256493972,-0.041208308761467555,0.09844207093017249,0.25342637511072347,0.3757238961402319,0.519472314018568,0.1585865947138265,0.2820962541471803,0.19917521811804328,0.32421615417254307,-0.0463205939209222,0.6401863411124358,0.30364911298678376,0.5553556035549323,-0.04382553256493972,-0.024900039079958226,0.4444567702142626,0.3644338634895281,-0.02882872441009571,0.49666114939825795,-0.024900039079958226,-0.0202768456637547,-0.0202768456637547,-0.04382553256493972,-0.01429991382420151,-0.01429991382420151,0.16861683393721497,0.09785451683824284,-0.053243111734540216,-0.057507121467685524,-0.01429991382420151,-0.0202768456637547,-0.04382610467368889,-0.04120845924545268,-0.01429991382420151,-0.06350842204361949,-0.0814205302801959,0.10457189378086362,-0.0990960464447674,0.42330066435928987,0.5705402167080469,-0.01429991382420151,-0.01429991382420151,-0.10398641496958161,-0.09597800108066346,-0.01429991382420151,-0.0202768456637547,-0.01429991382420151
Exact Score: Paraguay 0 - 3 France?,-0.03464165155963217,-0.054684877843146386,-0.026690710196610616,-0.09950005797747728,-0.015328283401188487,-0.015328283401188487,-0.03090214545477521,-0.04697721899739643,-0.026690710196610616,-0.021735042646912395,-0.015328283401188487,-0.06597696998690661,-0.10787959573525192,-0.10288115324051947,-0.08906612048108113,-0.0570719258688521,-0.021735042646912395,-0.0854659260802266,-0.06163884577452716,-0.03464165155963217,-0.03090192453501602,-0.09259982962734035,-0.09607544404415917,-0.05468542196857705,-0.0659770890216489,-0.06383305302022109,-0.06597696998690661,-0.021735042646912395,-0.03804971288573415,-0.03464165155963217,-0.041208308761467555,-0.03464165155963217,-0.03804971288573415,-0.026690710196610616,-0.026690710196610616,0.07052796767466263,0.3768239753561863,0.23546826315911135,1.0,0.24592798254191617,0.13510244108256547,0.1812812872577047,0.3446245983055799,0.13161994701043314,0.13692616824139267,-0.015328283401188487,0.3925216143389443,-0.015328283401188487,-0.04697721899739643,-0.044171779141104296,0.2097867367806018,0.2929251026051967,0.3524615751423475,0.2152059596844873,0.13357577787976815,0.1117327456344922,0.6073784144432409,-0.03464165155963217,0.298383140449679,0.18235121450462147,0.39836101541809604,0.16845137951006683,0.2008821556039461,-0.026690710196610616,-0.0380495295944487,0.15156658224317382,0.14392285223252832,0.1281495647523754,-0.026690710196610616,-0.021735042646912395,-0.021735042646912395,-0.04697721899739643,-0.015328283401188487,-0.015328283401188487,0.37626560004840837,0.22423394768608354,-0.05707205762645554,-0.06164271101769911,-0.015328283401188487,-0.021735042646912395,-0.0469778322489972,0.08210663930320342,-0.015328283401188487,-0.06807559146261101,-0.08727583803321139,0.0794636205696895,-0.10622247815731499,-0.026690710196610616,0.26060219771228166,-0.015328283401188487,-0.015328283401188487,-0.016135623034382988,-0.10288020046345513,-0.015328283401188487,-0.021735042646912395,-0.015328283401188487
Exact Score: Paraguay 1 - 0 France?,-0.017045674606016355,-0.026908088720292076,-0.013133356538493462,-0.048959721468367794,-0.007542392448457355,-0.007542392448457355,-0.015205623644794797,-0.023115479570792494,-0.013133356538493462,-0.010694884563150747,-0.007542392448457355,-0.03246444413747976,-0.0530829334844571,-0.05062341378876859,-0.043825627237412186,-0.028082652925034784,-0.010694884563150747,-0.04205412560534566,-0.030329838817135555,-0.017045674606016355,-0.01520551493963325,-0.04556441432023215,-0.04727461547224968,-0.026908356461136363,-0.03246450270938359,-0.031409514324634916,-0.03246444413747976,-0.010694884563150747,-0.018722635772318783,-0.017045674606016355,-0.0202768456637547,-0.017045674606016355,-0.018722635772318783,-0.013133356538493462,-0.013133356538493462,-0.023115479570792494,0.2578209355674086,0.2519968982641381,0.24592798254191617,1.0,0.3068221429082944,-0.024431482741241732,0.5026372362380548,-0.017045674606016355,-0.017045674606016355,-0.007542392448457355,0.0968841846129549,-0.007542392448457355,-0.023115479570792494,-0.021735042646912395,0.23230045580297903,0.11106901093958556,0.1164403687645462,-0.021735042646912395,-0.029221783482124907,-0.018722545582519238,0.4071572155796086,-0.017045674606016355,0.2137302304993073,-0.013133356538493462,0.418010158221567,0.18921929791066736,-0.023115479570792494,-0.013133356538493462,-0.018722545582519238,-0.01520551493963325,-0.01520551493963325,-0.017046066654376083,-0.013133356538493462,-0.010694884563150747,-0.010694884563150747,-0.023115479570792494,-0.007542392448457355,-0.007542392448457355,0.24935318397146727,0.23910071728605414,-0.028082717757314253,-0.030331740737927892,-0.007542392448457355,-0.010694884563150747,-0.02311578132566756,-0.02173512201866854,-0.007542392448457355,-0.0334970859771587,-0.04294470584119298,0.22419621476868498,-0.052267536823336624,-0.013133356538493462,0.1322416450520358,-0.007542392448457355,-0.007542392448457355,-0.0012556941928665796,-0.05062294496793933,-0.007542392448457355,-0.010694884563150747,-0.007542392448457355
Exact Score: Paraguay 1 - 1 France?,-0.02716766329346826,-0.04288653345322253,-0.020932149451270466,-0.0780327712770683,-0.01202118327394114,-0.01202118327394114,-0.024234961237801552,-0.036841813560413814,-0.020932149451270466,-0.017045674606016355,-0.01202118327394114,-0.05174233978544677,-0.08460441119920781,-0.08068439016744795,-0.06984997144031035,-0.04475857228820929,-0.017045674606016355,-0.06702652437962164,0.08000426412369929,0.17600045998160074,-0.024234787981811664,-0.07262127753977159,-0.07534702293477723,-0.042886960182775664,-0.05174243313826492,-0.0500609761189425,-0.05174233978544677,-0.017045674606016355,-0.029840430278369277,-0.02716766329346826,-0.03231755435787069,-0.02716766329346826,-0.029840430278369277,-0.020932149451270466,-0.020932149451270466,0.12111664987056675,0.14404395656650934,0.1403505217827527,0.13510244108256547,0.3068221429082944,1.0,0.10129981591404894,0.13337035850458387,-0.02716766329346826,0.5912603495860166,-0.01202118327394114,-0.004382546236596477,-0.01202118327394114,-0.036841813560413814,-0.03464165155963217,-0.03464165155963217,0.12651053567557724,0.15672652918072452,-0.03464165155963217,0.3235758369773391,-0.02984028653245348,0.2456038868949068,0.178196872125115,-0.038939280035297855,-0.020932149451270466,0.09530193796584037,-0.04095005146969703,0.1162563894573058,-0.020932149451270466,-0.02984028653245348,-0.024234787981811664,-0.024234787981811664,-0.0271682881462874,-0.020932149451270466,-0.017045674606016355,-0.017045674606016355,-0.036841813560413814,-0.01202118327394114,-0.01202118327394114,0.23143474256177085,0.615656795673087,-0.04475867561891224,-0.04834320368769385,-0.01202118327394114,-0.017045674606016355,-0.036842294502062195,-0.03464177806358089,-0.01202118327394114,-0.05338818053106577,-0.06844594511494285,0.1315943758584549,-0.08330481922341587,-0.020932149451270466,0.049794130444851856,-0.01202118327394114,-0.01202118327394114,0.045352703260572405,-0.08068364295346384,-0.01202118327394114,-0.017045674606016355,-0.01202118327394114
Exact Score: Paraguay 1 - 2 France?,-0.038939280035297855,-0.06146906039871681,-0.030001948287532405,-0.1118439926122997,-0.01722990368377298,-0.01722990368377298,-0.03473585240252256,-0.0528051926932596,-0.030001948287532405,-0.024431482741241732,-0.01722990368377298,-0.07416204466401245,-0.12126309224023332,-0.11564454510752306,-0.10011562529287277,-0.06415224458151061,-0.024431482741241732,-0.09606879231451247,-0.06928573461733457,-0.038939280035297855,-0.03473560407555254,-0.10408772488438953,-0.10799452253917961,-0.061469672028115666,-0.07416217846615397,-0.07175215427542961,-0.07416204466401245,-0.024431482741241732,-0.042770143991830385,-0.038939280035297855,-0.0463205939209222,-0.038939280035297855,-0.042770143991830385,-0.030001948287532405,-0.030001948287532405,0.490116626831971,0.20771092630027443,0.19989629548912563,0.1812812872577047,-0.024431482741241732,0.10129981591404894,1.0,0.17026070903806742,0.39089268373211594,-0.038939280035297855,-0.01722990368377298,0.4350781790555594,-0.01722990368377298,-0.0528051926932596,-0.04965171116833011,0.073939016446172,0.39226605476522736,0.2080317986877257,0.1775114351134426,0.1069383621046352,0.23236069999404663,-0.030001948287532405,0.10429958267232374,0.15511457595086228,0.3419798796866348,0.13874140757496337,0.4459464581747764,0.2719545032745629,0.1639365717538499,0.22238859100196348,0.45755428521955344,0.45924511885709357,0.5514258522028418,-0.030001948287532405,-0.024431482741241732,-0.024431482741241732,-0.0528051926932596,-0.01722990368377298,-0.01722990368377298,0.3582809560925011,-0.04965189248582625,-0.06415239268490598,-0.06929007938092122,0.32392218925493205,-0.024431482741241732,-0.05280588202459167,0.06390382458823934,-0.01722990368377298,-0.07652102022237674,-0.09810324117025448,0.3083573930341871,-0.11940039336435485,-0.030001948287532405,0.5323804366106681,-0.01722990368377298,-0.01722990368377298,-0.12398373102826939,-0.11564347412934362,-0.01722990368377298,-0.024431482741241732,-0.01722990368377298
Exact Score: Paraguay 1 - 3 France?,-0.03464165155963217,-0.054684877843146386,-0.026690710196610616,-0.09950005797747728,-0.015328283401188487,-0.015328283401188487,-0.03090214545477521,-0.04697721899739643,-0.026690710196610616,-0.021735042646912395,-0.015328283401188487,-0.06597696998690661,-0.10787959573525192,-0.10288115324051947,-0.08906612048108113,-0.0570719258688521,-0.021735042646912395,-0.0854659260802266,-0.06163884577452716,-0.03464165155963217,-0.03090192453501602,-0.09259982962734035,-0.09607544404415917,-0.05468542196857705,-0.0659770890216489,-0.06383305302022109,-0.06597696998690661,-0.021735042646912395,-0.03804971288573415,-0.03464165155963217,-0.041208308761467555,-0.03464165155963217,-0.03804971288573415,-0.026690710196610616,-0.026690710196610616,0.32508456485499904,0.5120046707641751,0.3768862706075264,0.3446245983055799,0.5026372362380548,0.13337035850458387,0.17026070903806742,1.0,0.12814661739638536,-0.03464165155963217,-0.015328283401188487,0.3882908880120575,-0.015328283401188487,-0.04697721899739643,-0.044171779141104296,0.0876424189307625,0.3697284772933469,0.16385384292544722,0.34279871457785566,0.13061316296249867,0.10851162143602035,0.19134226502940563,-0.03464165155963217,0.07392588107284705,0.1778556892422294,0.5148604524029544,0.2907965088433624,0.1957315081359776,0.18684673976701355,0.11649732517806514,0.14764252833396543,0.15156658224317382,0.12464866124558807,-0.026690710196610616,-0.021735042646912395,-0.021735042646912395,-0.04697721899739643,-0.015328283401188487,-0.015328283401188487,0.2898257527980646,0.2257019635640362,-0.05707205762645554,-0.06164271101769911,-0.015328283401188487,-0.021735042646912395,-0.0469778322489972,-0.044171940447053394,-0.015328283401188487,-0.06807559146261101,-0.08727583803321139,0.34436670127397606,-0.10622247815731499,0.19128342307570942,0.37212115619276254,-0.015328283401188487,-0.015328283401188487,-0.11539495814210304,-0.10288020046345513,-0.015328283401188487,-0.021735042646912395,-0.015328283401188487
Exact Score: Paraguay 2 - 0 France?,-0.02716766329346826,-0.04288653345322253,-0.020932149451270466,-0.0780327712770683,-0.01202118327394114,-0.01202118327394114,-0.024234961237801552,-0.036841813560413814,-0.020932149451270466,-0.017045674606016355,-0.01202118327394114,-0.05174233978544677,-0.08460441119920781,-0.08068439016744795,-0.06984997144031035,-0.04475857228820929,-0.017045674606016355,-0.06702652437962164,-0.048340172376531855,-0.02716766329346826,-0.024234787981811664,-0.07262127753977159,-0.07534702293477723,-0.042886960182775664,-0.05174243313826492,-0.0500609761189425,-0.05174233978544677,-0.017045674606016355,-0.029840430278369277,-0.02716766329346826,-0.03231755435787069,-0.02716766329346826,-0.029840430278369277,-0.020932149451270466,-0.020932149451270466,0.2808857985535465,-0.03231755435787069,0.3147871473833231,0.13161994701043314,-0.017045674606016355,-0.02716766329346826,0.39089268373211594,0.12814661739638536,1.0,-0.02716766329346826,0.4375710711714575,0.365980802879872,-0.01202118327394114,-0.036841813560413814,-0.03464165155963217,0.1263137257794736,0.41449650303234903,0.47734280585878025,0.2892394616067595,-0.04657413642032069,-0.02984028653245348,-0.020932149451270466,0.17389604415823368,0.11375214440787647,0.23449914164809527,0.5190906524396833,0.23305877777765718,0.28753941708720854,-0.020932149451270466,0.5272731264750352,0.20112309497074918,0.2108811233591929,0.37922330330414666,-0.020932149451270466,-0.017045674606016355,-0.017045674606016355,-0.036841813560413814,-0.01202118327394114,-0.01202118327394114,0.4023195450989246,-0.03464177806358089,-0.04475867561891224,-0.04834320368769385,-0.01202118327394114,-0.017045674606016355,-0.036842294502062195,-0.03464177806358089,-0.01202118327394114,-0.05338818053106577,-0.06844594511494285,0.1298164450195009,-0.08330481922341587,0.23726056101133164,0.38815590501292946,-0.01202118327394114,-0.01202118327394114,-0.06396521251730156,-0.08068364295346384,-0.01202118327394114,-0.017045674606016355,-0.01202118327394114
Exact Score: Paraguay 2 - 2 France?,-0.02716766329346826,-0.04288653345322253,-0.020932149451270466,-0.0780327712770683,-0.01202118327394114,-0.01202118327394114,-0.024234961237801552,-0.036841813560413814,-0.020932149451270466,-0.017045674606016355,-0.01202118327394114,-0.05174233978544677,-0.08460441119920781,-0.08068439016744795,-0.06984997144031035,-0.04475857228820929,-0.017045674606016355,-0.06702652437962164,0.07867426996307512,0.178196872125115,-0.024234787981811664,-0.07262127753977159,-0.07534702293477723,-0.042886960182775664,-0.05174243313826492,-0.0500609761189425,-0.05174233978544677,-0.017045674606016355,-0.029840430278369277,-0.02716766329346826,-0.03231755435787069,-0.02716766329346826,-0.029840430278369277,-0.020932149451270466,-0.020932149451270466,-0.036841813560413814,-0.03231755435787069,-0.03231755435787069,0.13692616824139267,-0.017045674606016355,0.5912603495860166,-0.038939280035297855,-0.03464165155963217,-0.02716766329346826,1.0,-0.01202118327394114,0.01544394016926972,-0.01202118327394114,-0.036841813560413814,-0.03464165155963217,-0.03464165155963217,0.020524467256966116,0.26587991356592416,-0.03464165155963217,0.443288617257719,-0.02984028653245348,-0.020932149451270466,-0.02716766329346826,0.10132453926645231,-0.020932149451270466,-0.04095005146969703,-0.04095005146969703,-0.036841813560413814,-0.020932149451270466,-0.02984028653245348,-0.024234787981811664,-0.024234787981811664,-0.0271682881462874,-0.020932149451270466,-0.017045674606016355,-0.017045674606016355,-0.036841813560413814,-0.01202118327394114,-0.01202118327394114,0.33596153924374655,0.6130311688436647,-0.04475867561891224,-0.04834320368769385,-0.01202118327394114,-0.017045674606016355,-0.036842294502062195,-0.03464177806358089,-0.01202118327394114,-0.05338818053106577,-0.06844594511494285,-0.03464215758374257,-0.08330481922341587,-0.020932149451270466,-0.05658423914187711,-0.01202118327394114,-0.01202118327394114,0.07056965128581835,-0.08068364295346384,-0.01202118327394114,-0.017045674606016355,-0.01202118327394114
Exact Score: Paraguay 2 - 3 France?,-0.01202118327394114,-0.01897648955142732,-0.009262084933588906,-0.0345280429443741,-0.005319148936170213,-0.005319148936170213,-0.010723517423249099,-0.016301813967952983,-0.009262084933588906,-0.007542392448457355,-0.005319148936170213,-0.02289501834826318,-0.037435870793277856,-0.03570133474755844,-0.030907306944039006,-0.0198048317495847,-0.007542392448457355,-0.029657984386770357,-0.02138962285254425,-0.01202118327394114,-0.010723440760711534,-0.03213355810042108,-0.03333964949656048,-0.018976678371279476,-0.022895059655140552,-0.02215104634865242,-0.02289501834826318,-0.007542392448457355,-0.013203832713716807,-0.01202118327394114,-0.01429991382420151,-0.01202118327394114,-0.013203832713716807,-0.009262084933588906,-0.009262084933588906,-0.016301813967952983,-0.01429991382420151,0.37179775942923926,-0.015328283401188487,-0.007542392448457355,-0.01202118327394114,-0.01722990368377298,-0.015328283401188487,0.4375710711714575,-0.01202118327394114,1.0,0.1437285561188281,-0.005319148936170213,-0.016301813967952983,-0.015328283401188487,-0.015328283401188487,0.18390428693015665,0.2254103679465724,0.3448863765267409,-0.020608184947169136,-0.01320376910883552,-0.009262084933588906,0.4375710711714575,-0.01722990368377298,-0.009262084933588906,0.28991411943059736,0.28332516217081105,-0.016301813967952983,-0.009262084933588906,0.4049155860042893,-0.010723440760711534,-0.010723440760711534,-0.012021459759635807,-0.009262084933588906,-0.007542392448457355,-0.007542392448457355,-0.016301813967952983,-0.005319148936170213,-0.005319148936170213,0.18892871699666608,-0.015328339376821576,-0.019804877471489613,-0.0213909641510816,-0.005319148936170213,-0.007542392448457355,-0.01630202677564413,-0.015328339376821576,-0.005319148936170213,-0.0236232721192661,-0.03028605153475473,-0.015328507307400308,-0.036860825631918906,0.5680745425934529,0.21532222758440875,-0.005319148936170213,-0.005319148936170213,-0.053465551908832884,-0.035701004119335064,-0.005319148936170213,-0.007542392448457355,-0.005319148936170213
France leading at halftime?,-0.07669455914043834,-0.1210690717389506,-0.05909164717942186,-0.22028721892472333,-0.03393590908361219,-0.03393590908361219,-0.0684155147183996,-0.1040047728223094,-0.05909164717942186,-0.04812009354790912,-0.03393590908361219,-0.14606909309324692,-0.2388390178488277,-0.2277727630294686,-0.19718710099277423,-0.12635385429798676,-0.04812009354790912,-0.1892164844094942,0.06211488916463655,0.20090012061922977,-0.06841502561517347,-0.20501052317102567,-0.21270532706861736,-0.12107027640033777,-0.1460693566290967,-0.14132258825901267,-0.14606909309324692,-0.04812009354790912,-0.08423980450724858,-0.07669455914043834,-0.09123274818301921,-0.07669455914043834,-0.08423980450724858,-0.05909164717942186,-0.05909164717942186,0.39724449800042977,0.32751465423044646,0.339955667910466,0.3925216143389443,0.0968841846129549,-0.004382546236596477,0.4350781790555594,0.3882908880120575,0.365980802879872,0.01544394016926972,0.1437285561188281,1.0,-0.03393590908361219,-0.1040047728223094,-0.09779369559918798,0.37767602609477874,0.7190546182397144,0.6871457162824764,0.30681896933943803,0.27949050495384986,0.35977625549799175,0.15757159533693124,0.3234252286391084,0.4669919408056086,0.2757978030197978,0.41429169079735956,0.42402907139204726,0.4658149234891502,0.2749456670142018,0.2887770984142673,0.31983438912316,0.32292190195048653,0.32574334402850846,-0.05909164717942186,-0.04812009354790912,-0.04812009354790912,-0.1040047728223094,-0.03393590908361219,0.16369085557977645,0.5917920855607036,0.03678690848736177,-0.12635414600149553,-0.1364733011526796,0.1377398662805436,0.09406856756128763,-0.030424589622381204,0.03908109669895337,-0.03393590908361219,-0.15071531640060687,-0.19322352198038564,0.2997543825131052,-0.23517025794963614,0.24665965600830364,0.6314143147742076,-0.03393590908361219,-0.03393590908361219,-0.22795742912463435,-0.2277706536376348,-0.03393590908361219,-0.04812009354790912,-0.03393590908361219
Liaoning Tieren FC vs. Chongqing Tonglianglong FC: O/U 2.5,-0.01202118327394114,-0.01897648955142732,-0.009262084933588906,-0.0345280429443741,-0.005319148936170213,-0.005319148936170213,-0.010723517423249099,-0.016301813967952983,-0.009262084933588906,-0.007542392448457355,-0.005319148936170213,-0.02289501834826318,-0.037435870793277856,-0.03570133474755844,-0.030907306944039006,-0.0198048317495847,-0.007542392448457355,-0.029657984386770357,-0.02138962285254425,-0.01202118327394114,-0.010723440760711534,-0.03213355810042108,-0.03333964949656048,-0.018976678371279476,-0.022895059655140552,-0.02215104634865242,-0.02289501834826318,-0.007542392448457355,-0.013203832713716807,-0.01202118327394114,-0.01429991382420151,-0.01202118327394114,-0.013203832713716807,-0.009262084933588906,-0.009262084933588906,-0.016301813967952983,-0.01429991382420151,-0.01429991382420151,-0.015328283401188487,-0.007542392448457355,-0.01202118327394114,-0.01722990368377298,-0.015328283401188487,-0.01202118327394114,-0.01202118327394114,-0.005319148936170213,-0.03393590908361219,1.0,-0.016301813967952983,-0.015328283401188487,-0.015328283401188487,-0.028380291192925407,-0.025726183298250112,-0.015328283401188487,-0.020608184947169136,-0.01320376910883552,-0.009262084933588906,-0.01202118327394114,-0.01722990368377298,-0.009262084933588906,-0.018119632464412335,-0.018119632464412335,-0.016301813967952983,-0.009262084933588906,-0.01320376910883552,-0.010723440760711534,-0.010723440760711534,-0.012021459759635807,-0.009262084933588906,-0.007542392448457355,-0.007542392448457355,-0.016301813967952983,-0.005319148936170213,-0.005319148936170213,-0.029657414877383628,-0.015328339376821576,-0.019804877471489613,-0.0213909641510816,-0.005319148936170213,-0.007542392448457355,-0.01630202677564413,-0.015328339376821576,-0.005319148936170213,-0.0236232721192661,-0.03028605153475473,-0.015328507307400308,-0.036860825631918906,-0.009262084933588906,-0.02503746832376846,-0.005319148936170213,-0.005319148936170213,-0.053465551908832884,-0.035701004119335064,-0.005319148936170213,-0.007542392448457355,-0.005319148936170213
Minnesota Twins vs. New York Yankees,0.12273673667498707,0.04399746415716382,-0.028385891682036344,-0.1058195097582555,-0.016301813967952983,-0.016301813967952983,-0.03286480378979096,0.06897722080804125,-0.028385891682036344,-0.023115479570792494,-0.016301813967952983,-0.07016730202237621,-0.06025245431405859,-0.10941534528291491,-0.025875062624956913,-0.060696680375487644,-0.023115479570792494,-0.0908940414978659,0.02047668539486717,-0.036841813560413814,-0.03286456883896693,-0.03777431473064927,-0.10217739160374101,-0.05815860474119571,0.021134913831182933,-0.06788722051299236,-0.07016730202237621,-0.023115479570792494,0.10481754283680583,-0.036841813560413814,-0.04382553256493972,-0.036841813560413814,0.10637973499438268,-0.028385891682036344,-0.028385891682036344,-0.04996083806540043,-0.04382553256493972,-0.04382553256493972,-0.04697721899739643,-0.023115479570792494,-0.036841813560413814,-0.0528051926932596,-0.04697721899739643,-0.036841813560413814,-0.036841813560413814,-0.016301813967952983,-0.1040047728223094,-0.016301813967952983,1.0,0.0808775930828192,-0.04697721899739643,-0.08697824274808004,-0.0788440893959041,-0.04697721899739643,0.034881325203732126,-0.040466132885351704,-0.028385891682036344,-0.036841813560413814,-0.0528051926932596,-0.028385891682036344,-0.05553198098927589,-0.05553198098927589,-0.04996083806540043,-0.028385891682036344,-0.040466132885351704,-0.03286456883896693,-0.03286456883896693,-0.03684266091746535,-0.028385891682036344,-0.023115479570792494,0.2080936735258939,-0.04996083806540043,-0.016301813967952983,-0.016301813967952983,-0.0908922960990837,-0.04697739054821561,-0.06069682050128542,0.033651187681459124,-0.016301813967952983,-0.023115479570792494,-0.04996149026586213,-0.04697739054821561,-0.016301813967952983,-0.07239921123169,-0.09281890465336082,-0.04697790521194977,-0.11296888456545864,-0.028385891682036344,-0.07673335635840674,-0.016301813967952983,-0.016301813967952983,0.13646672055350562,0.20381520336525993,-0.016301813967952983,-0.023115479570792494,-0.016301813967952983
Morocco leading at halftime?,0.6200672340012467,0.8094350492210519,0.3936173650555711,0.0344452203731554,-0.015328283401188487,-0.015328283401188487,0.3466987727659254,0.5753121325950992,-0.026690710196610616,-0.021735042646912395,-0.015328283401188487,0.1963035601719049,0.27486465252016173,0.07706155879791805,0.04851430445106144,0.044946754805139925,-0.021735042646912395,-0.0854659260802266,-0.06163884577452716,-0.03464165155963217,-0.03090192453501602,0.23945724845260857,-0.03729335418164331,-0.05468542196857705,0.39382449302021433,-0.06383305302022109,-0.06597696998690661,-0.021735042646912395,0.2615833877047473,0.13150997351341842,-0.041208308761467555,-0.03464165155963217,0.2630932969462447,0.19359002766060168,-0.026690710196610616,-0.04697721899739643,-0.041208308761467555,-0.041208308761467555,-0.044171779141104296,-0.021735042646912395,-0.03464165155963217,-0.04965171116833011,-0.044171779141104296,-0.03464165155963217,-0.03464165155963217,-0.015328283401188487,-0.09779369559918798,-0.015328283401188487,0.0808775930828192,1.0,-0.044171779141104296,-0.0817839755257219,-0.07413558694418194,-0.044171779141104296,-0.059386962659811235,-0.0380495295944487,-0.026690710196610616,-0.03464165155963217,-0.04965171116833011,-0.026690710196610616,-0.052215657969498876,-0.052215657969498876,-0.04697721899739643,-0.026690710196610616,-0.0380495295944487,-0.03090192453501602,-0.03090192453501602,-0.034642448313236006,0.17571384212768654,0.24592798254191617,-0.021735042646912395,-0.04697721899739643,-0.015328283401188487,-0.015328283401188487,-0.08546428491518607,-0.044171940447053394,-0.05707205762645554,0.1330101848229347,-0.015328283401188487,-0.021735042646912395,-0.0469778322489972,-0.044171940447053394,-0.015328283401188487,0.015388045218914717,0.06304904172353876,-0.044172424375503866,0.10688537789890182,-0.026690710196610616,-0.07215090510162049,-0.015328283401188487,-0.015328283401188487,0.05240902345269847,-0.0356064357459856,0.3333901639758496,-0.021735042646912395,-0.015328283401188487
Paraguay leading at halftime?,-0.03464165155963217,-0.054684877843146386,-0.026690710196610616,-0.09950005797747728,-0.015328283401188487,-0.015328283401188487,-0.03090214545477521,-0.04697721899739643,-0.026690710196610616,-0.021735042646912395,-0.015328283401188487,-0.06597696998690661,-0.10787959573525192,-0.10288115324051947,-0.08906612048108113,-0.0570719258688521,-0.021735042646912395,-0.0854659260802266,-0.06163884577452716,0.13510244108256547,-0.03090192453501602,-0.09259982962734035,-0.09607544404415917,-0.05468542196857705,-0.0659770890216489,-0.06383305302022109,-0.06597696998690661,-0.021735042646912395,-0.03804971288573415,-0.03464165155963217,-0.041208308761467555,-0.03464165155963217,-0.03804971288573415,-0.026690710196610616,-0.026690710196610616,0.3209143355377699,-0.041208308761467555,0.09844207093017249,0.2097867367806018,0.23230045580297903,-0.03464165155963217,0.073939016446172,0.0876424189307625,0.1263137257794736,-0.03464165155963217,-0.015328283401188487,0.37767602609477874,-0.015328283401188487,-0.04697721899739643,-0.044171779141104296,1.0,0.3139509405459101,0.3520506447032515,0.07811860940695296,0.03975963883290083,0.5644852390936576,0.1779380679774041,0.12990619334862064,0.3021529925939411,0.19128342307570942,0.2788916402153958,0.17696562099715685,0.3169236194030704,-0.026690710196610616,0.1070520495335878,-0.03090192453501602,-0.03090192453501602,-0.034642448313236006,-0.026690710196610616,-0.021735042646912395,-0.021735042646912395,-0.04697721899739643,-0.015328283401188487,-0.015328283401188487,0.2767289331226432,-0.044171940447053394,-0.05707205762645554,-0.06164271101769911,-0.015328283401188487,-0.021735042646912395,-0.0469778322489972,0.08624045515853282,-0.015328283401188487,-0.06807559146261101,-0.08727583803321139,0.08077827605705569,-0.10622247815731499,0.18684673976701355,0.2703750187207551,-0.015328283401188487,-0.015328283401188487,-0.11133668502307646,-0.10288020046345513,-0.015328283401188487,-0.021735042646912395,-0.015328283401188487
Paraguay vs. France: 1st Half O/U 0.5,-0.06413896017801911,-0.10124896026633458,-0.04941780548414575,-0.1842241916596361,-0.028380291192925407,-0.028380291192925407,-0.0572152708518331,-0.08697824274808004,-0.04941780548414575,-0.04024239526796578,-0.028380291192925407,-0.12215625006712287,-0.19973889186470392,-0.19048428390902114,-0.16490577375945906,-0.10566857571106034,-0.04024239526796578,-0.1582400198212543,0.0009516390011173911,0.02676868348593729,-0.05721486181926684,-0.17144843035949064,-0.17788352466470161,-0.1012499677136634,-0.12215647045974999,-0.11818679137331566,-0.12215625006712287,-0.04024239526796578,-0.070448980048256,-0.06413896017801911,-0.07629711505254073,-0.06413896017801911,-0.070448980048256,-0.04941780548414575,-0.04941780548414575,0.3520670641380309,0.25787848189988155,0.25342637511072347,0.2929251026051967,0.11106901093958556,0.12651053567557724,0.39226605476522736,0.3697284772933469,0.41449650303234903,0.020524467256966116,0.18390428693015665,0.7190546182397144,-0.028380291192925407,-0.08697824274808004,-0.0817839755257219,0.3139509405459101,1.0,0.5390668647006941,0.439452561824879,0.1725634769865366,0.21299096615065136,0.06589040731219434,0.3362836224495531,0.4841416382413581,0.20611146934943075,0.4923720231709793,0.5023643259841928,0.3814382003135143,0.34792924072788334,0.46356448050998356,0.27799762913158266,0.16127325653754612,0.3260723262967823,-0.04941780548414575,-0.04024239526796578,-0.04024239526796578,-0.08697824274808004,-0.028380291192925407,0.16801132386211842,0.7129662855456804,0.1277760285833365,-0.10566881966004371,-0.11413137680296336,-0.028380291192925407,0.11587254764458718,-0.08697937818239769,0.08186649117862889,-0.028380291192925407,-0.12604184423480377,-0.16159106878837357,0.474336677990877,-0.19667074142855537,0.32960543221820643,0.4811205991592048,-0.028380291192925407,-0.028380291192925407,-0.16845541626263782,-0.19048251984387304,-0.028380291192925407,-0.04024239526796578,-0.028380291192925407
Paraguay vs. France: 1st Half O/U 1.5,-0.058140722901046424,-0.09178021792878129,-0.044796281808388155,-0.1669956552027621,-0.025726183298250112,-0.025726183298250112,-0.0518645328685072,-0.0788440893959041,-0.044796281808388155,-0.03647895047963406,-0.025726183298250112,-0.110732270465113,-0.1810594299040051,-0.17267030736108038,-0.14948388421515368,-0.09578651357479406,-0.03647895047963406,-0.14344150760705052,0.021242853096776166,0.1643379979686771,-0.05186416208842242,-0.15541467547468368,-0.16124796360101026,-0.09178113116023716,-0.11073247024675316,-0.10713403317933161,-0.110732270465113,-0.03647895047963406,-0.06386063347891184,-0.058140722901046424,-0.06916185438783069,-0.058140722901046424,-0.06386063347891184,-0.044796281808388155,-0.044796281808388155,0.29941816026740503,0.17792442790612284,0.3757238961402319,0.3524615751423475,0.1164403687645462,0.15672652918072452,0.2080317986877257,0.16385384292544722,0.47734280585878025,0.26587991356592416,0.2254103679465724,0.6871457162824764,-0.025726183298250112,-0.0788440893959041,-0.07413558694418194,0.3520506447032515,0.5390668647006941,1.0,0.33166756099127404,0.2760593349573382,0.13313754337463993,0.22547875683397392,0.25758874471684573,0.4445718608600595,0.23395118705422166,0.35283033393308894,0.3417380829001534,0.23588334564124394,0.0796378343260234,0.318416691514356,0.1705414914124467,0.17285440567035823,0.2427463970792348,-0.044796281808388155,-0.03647895047963406,-0.03647895047963406,-0.0788440893959041,-0.025726183298250112,0.18375845213035794,0.4806188059117323,0.16713489228096895,-0.0957867347098141,-0.10345787855928021,-0.025726183298250112,0.1440867993623641,-0.078845118645082,0.004478224206793491,-0.025726183298250112,-0.11425448618520007,-0.1464791684747097,0.08578298220845126,-0.17827821106553737,0.22243891508532374,0.42469645724818184,-0.025726183298250112,-0.025726183298250112,-0.1008190466105368,-0.1726687082702521,-0.025726183298250112,-0.03647895047963406,-0.025726183298250112
Paraguay vs. France: 1st Half O/U 2.5,-0.03464165155963217,-0.054684877843146386,-0.026690710196610616,-0.09950005797747728,-0.015328283401188487,-0.015328283401188487,-0.03090214545477521,-0.04697721899739643,-0.026690710196610616,-0.021735042646912395,-0.015328283401188487,-0.06597696998690661,-0.10787959573525192,-0.10288115324051947,-0.08906612048108113,-0.0570719258688521,-0.021735042646912395,-0.0854659260802266,-0.06163884577452716,-0.03464165155963217,-0.03090192453501602,-0.09259982962734035,-0.09607544404415917,-0.05468542196857705,-0.0659770890216489,-0.06383305302022109,-0.06597696998690661,-0.021735042646912395,-0.03804971288573415,-0.03464165155963217,-0.041208308761467555,-0.03464165155963217,-0.03804971288573415,-0.026690710196610616,-0.026690710196610616,0.4472916160387023,0.23567072272596665,0.519472314018568,0.2152059596844873,-0.021735042646912395,-0.03464165155963217,0.1775114351134426,0.34279871457785566,0.2892394616067595,-0.03464165155963217,0.3448863765267409,0.30681896933943803,-0.015328283401188487,-0.04697721899739643,-0.044171779141104296,0.07811860940695296,0.439452561824879,0.33166756099127404,1.0,0.1441469265618434,0.11817499403143589,0.17571384212768654,0.296250272041447,-0.04965171116833011,0.19134226502940563,0.279105124146488,0.5163673977988995,0.07694901612668771,-0.026690710196610616,0.41144828628917735,0.1594146900615906,0.15156658224317382,0.2979158908249637,-0.026690710196610616,-0.021735042646912395,-0.021735042646912395,-0.04697721899739643,-0.015328283401188487,-0.015328283401188487,0.27755795175938663,-0.044171940447053394,-0.05707205762645554,-0.06164271101769911,-0.015328283401188487,-0.021735042646912395,-0.0469778322489972,-0.044171940447053394,-0.015328283401188487,-0.06807559146261101,-0.08727583803321139,0.08895835464511195,-0.10622247815731499,0.3848028403918756,0.44235376342064947,-0.015328283401188487,-0.015328283401188487,-0.1540726047895944,-0.10288020046345513,-0.015328283401188487,-0.021735042646912395,-0.015328283401188487
Paraguay vs. France: Both Teams to Score,-0.04657413642032069,-0.07352134918888133,-0.03588445474986432,-0.13377333543395445,-0.020608184947169136,-0.020608184947169136,-0.04154653930439151,-0.06315874987847299,-0.03588445474986432,-0.029221783482124907,-0.020608184947169136,-0.0887030572280896,-0.1450392456056451,-0.13831906535563426,-0.11974537757167597,-0.07673062748208564,-0.029221783482124907,-0.1149050787517298,-0.003883582763321165,0.07176571013338304,-0.041546242287750015,-0.12449628996868753,-0.12916909662499557,-0.0735220807409551,-0.08870321726492608,-0.0858206576661528,-0.0887030572280896,-0.029221783482124907,-0.051156120996242525,-0.04657413642032069,-0.055402710537732366,-0.04657413642032069,-0.051156120996242525,-0.03588445474986432,-0.03588445474986432,0.21461350634778006,0.2632361590628765,0.1585865947138265,0.13357577787976815,-0.029221783482124907,0.3235758369773391,0.1069383621046352,0.13061316296249867,-0.04657413642032069,0.443288617257719,-0.020608184947169136,0.27949050495384986,-0.020608184947169136,0.034881325203732126,-0.059386962659811235,0.03975963883290083,0.1725634769865366,0.2760593349573382,0.1441469265618434,1.0,0.17406401765168664,0.12980426224333638,0.08795224673660561,0.2965049500196651,0.11780661259529658,0.020101013159891525,0.09835844932329929,0.22356722851078187,-0.03588445474986432,0.06271717955520971,0.23134630909588388,0.24035898599428468,0.20206528850702202,-0.03588445474986432,-0.029221783482124907,-0.029221783482124907,-0.06315874987847299,-0.020608184947169136,0.2472982193660296,0.27956771746451864,0.4283631374466044,-0.0767308046242345,-0.08287584173966583,-0.020608184947169136,0.15763860068928606,0.0360328368756903,0.04295807317358767,-0.020608184947169136,-0.09152455904753433,-0.11733842365337158,-0.05938783014832856,-0.14281132584245224,-0.03588445474986432,0.2986876075338743,-0.020608184947169136,-0.020608184947169136,-0.045988810781992365,-0.07581750711424746,-0.020608184947169136,-0.029221783482124907,-0.020608184947169136
Paraguay vs. France: Draw at halftime?,-0.02984028653245348,-0.047105503068255894,-0.022991353014752035,-0.08570925768168493,-0.01320376910883552,-0.01320376910883552,-0.026619079441137318,-0.040466132885351704,-0.022991353014752035,-0.018722545582519238,-0.01320376910883552,-0.056832500770447714,-0.09292738373641632,-0.08862173000619356,-0.07672147359701995,-0.049161704024240055,-0.018722545582519238,-0.07362026947835654,-0.053095644596372414,0.1631268997107457,-0.0266188891410616,-0.07976540737902252,-0.0827592984149527,-0.04710597177739734,-0.05683260330686435,-0.05498573268326349,-0.056832500770447714,-0.018722545582519238,-0.032775987398677896,-0.02984028653245348,-0.03549679895726836,-0.02984028653245348,-0.032775987398677896,-0.022991353014752035,-0.022991353014752035,0.37758081860396264,0.13020859058172587,0.2820962541471803,0.1117327456344922,-0.018722545582519238,-0.02984028653245348,0.23236069999404663,0.10851162143602035,-0.02984028653245348,-0.02984028653245348,-0.01320376910883552,0.35977625549799175,-0.01320376910883552,-0.040466132885351704,-0.0380495295944487,0.5644852390936576,0.21299096615065136,0.13313754337463993,0.11817499403143589,0.17406401765168664,1.0,-0.022991353014752035,0.1551694899687581,0.09195159501777134,0.472640583315608,-0.044978519358647426,0.22504403961936054,0.23090992033873334,-0.022991353014752035,0.13566996801418166,0.18971240038629616,-0.0266188891410616,0.16316222935785732,-0.022991353014752035,-0.018722545582519238,-0.018722545582519238,-0.040466132885351704,-0.01320376910883552,-0.01320376910883552,0.17549938870615325,-0.038049668543243674,-0.04916181752011749,-0.05309897411325674,0.4049155860042893,-0.018722545582519238,-0.04046666113971198,0.11334372163939783,-0.01320376910883552,-0.058640251363700456,-0.07517932595644068,-0.0380500853987622,-0.09149994419132182,0.21710000712695307,0.5268890549062156,-0.01320376910883552,-0.01320376910883552,-0.13271799890396965,-0.08862090928491376,-0.01320376910883552,-0.018722545582519238,-0.01320376910883552
Paraguay vs. France: France O/U 0.5,-0.020932149451270466,-0.03304322929773627,-0.01612780885559875,-0.06012271327218285,-0.009262084933588906,-0.009262084933588906,-0.018672560282259283,-0.028385891682036344,-0.01612780885559875,-0.013133356538493462,-0.009262084933588906,-0.03986645364556571,-0.06518603239183757,-0.06216573339878252,-0.053818027173028,-0.03448559834689723,-0.013133356538493462,-0.051642616825672304,-0.03724515066884743,-0.020932149451270466,-0.01867242679193166,-0.05595326393676862,-0.05805339707512682,-0.033043558084451745,-0.03986652557207335,-0.038570996058027635,-0.03986645364556571,-0.013133356538493462,-0.02299146376814882,-0.020932149451270466,-0.024900039079958226,-0.020932149451270466,-0.02299146376814882,-0.01612780885559875,-0.01612780885559875,-0.028385891682036344,0.4233508534025349,0.19917521811804328,0.6073784144432409,0.4071572155796086,0.2456038868949068,-0.030001948287532405,0.19134226502940563,-0.020932149451270466,-0.020932149451270466,-0.009262084933588906,0.15757159533693124,-0.009262084933588906,-0.028385891682036344,-0.026690710196610616,0.1779380679774041,0.06589040731219434,0.22547875683397392,0.17571384212768654,0.12980426224333638,-0.022991353014752035,1.0,-0.020932149451270466,0.1619576072636317,-0.01612780885559875,0.3183196677773772,-0.03155120807195076,0.17029309973620627,-0.01612780885559875,-0.022991353014752035,-0.01867242679193166,0.27076665446783443,-0.020932630888060008,-0.01612780885559875,-0.013133356538493462,-0.013133356538493462,-0.028385891682036344,-0.009262084933588906,-0.009262084933588906,0.2047617929668908,0.18797130751136823,-0.03448567796116856,-0.03724748623439058,-0.009262084933588906,-0.013133356538493462,-0.028386262238103404,-0.026690807665411372,-0.009262084933588906,-0.04113454152224999,-0.05273625254417441,-0.026691100078220616,-0.06418472237230825,-0.01612780885559875,0.23104894302226198,-0.009262084933588906,-0.009262084933588906,-0.03173943753117836,-0.06216515768512549,-0.009262084933588906,-0.013133356538493462,-0.009262084933588906
Paraguay vs. France: France O/U 1.5,-0.02716766329346826,-0.04288653345322253,-0.020932149451270466,-0.0780327712770683,-0.01202118327394114,-0.01202118327394114,-0.024234961237801552,-0.036841813560413814,-0.020932149451270466,-0.017045674606016355,-0.01202118327394114,-0.05174233978544677,-0.08460441119920781,-0.08068439016744795,-0.06984997144031035,-0.04475857228820929,-0.017045674606016355,-0.06702652437962164,-0.048340172376531855,0.16961821527138915,-0.024234787981811664,-0.07262127753977159,-0.07534702293477723,-0.042886960182775664,-0.05174243313826492,-0.0500609761189425,-0.05174233978544677,-0.017045674606016355,-0.029840430278369277,-0.02716766329346826,-0.03231755435787069,-0.02716766329346826,-0.029840430278369277,-0.020932149451270466,-0.020932149451270466,0.2791617489595377,-0.03231755435787069,0.32421615417254307,-0.03464165155963217,-0.017045674606016355,0.178196872125115,0.10429958267232374,-0.03464165155963217,0.17389604415823368,-0.02716766329346826,0.4375710711714575,0.3234252286391084,-0.01202118327394114,-0.036841813560413814,-0.03464165155963217,0.12990619334862064,0.3362836224495531,0.25758874471684573,0.296250272041447,0.08795224673660561,0.1551694899687581,-0.020932149451270466,1.0,0.09827532580337078,-0.020932149451270466,0.09680678834211977,0.09386011797181353,0.11953121732934259,-0.020932149451270466,0.1571483167299931,-0.024234787981811664,-0.024234787981811664,0.17813197180359444,-0.020932149451270466,-0.017045674606016355,-0.017045674606016355,-0.036841813560413814,-0.01202118327394114,-0.01202118327394114,0.12257882218519345,-0.03464177806358089,-0.04475867561891224,-0.04834320368769385,-0.01202118327394114,-0.017045674606016355,-0.036842294502062195,-0.03464177806358089,-0.01202118327394114,-0.05338818053106577,-0.06844594511494285,0.13515023753636288,-0.08330481922341587,0.5037965973575089,0.25679065395116846,-0.01202118327394114,-0.01202118327394114,-0.04575297227684615,-0.08068364295346384,-0.01202118327394114,-0.017045674606016355,-0.01202118327394114
Paraguay vs. France: France O/U 2.5,-0.038939280035297855,-0.06146906039871681,-0.030001948287532405,-0.1118439926122997,-0.01722990368377298,-0.01722990368377298,-0.03473585240252256,-0.0528051926932596,-0.030001948287532405,-0.024431482741241732,-0.01722990368377298,-0.07416204466401245,-0.12126309224023332,-0.11564454510752306,-0.10011562529287277,-0.06415224458151061,-0.024431482741241732,-0.09606879231451247,-0.06928573461733457,0.09827532580337078,-0.03473560407555254,-0.10408772488438953,-0.10799452253917961,-0.061469672028115666,-0.07416217846615397,-0.07175215427542961,-0.07416204466401245,-0.024431482741241732,-0.042770143991830385,-0.038939280035297855,-0.0463205939209222,-0.038939280035297855,-0.042770143991830385,-0.030001948287532405,-0.030001948287532405,0.0574927788759064,0.33208679768703486,-0.0463205939209222,0.298383140449679,0.2137302304993073,-0.038939280035297855,0.15511457595086228,0.07392588107284705,0.11375214440787647,0.10132453926645231,-0.01722990368377298,0.4669919408056086,-0.01722990368377298,-0.0528051926932596,-0.04965171116833011,0.3021529925939411,0.4841416382413581,0.4445718608600595,-0.04965171116833011,0.2965049500196651,0.09195159501777134,0.1619576072636317,0.09827532580337078,1.0,-0.030001948287532405,0.15492941081106218,0.23592589020479687,0.39321708040472786,0.34203279317567803,0.09051838722011946,0.12422113647971408,0.29696184690623173,0.10902425046766395,-0.030001948287532405,-0.024431482741241732,-0.024431482741241732,-0.0528051926932596,-0.01722990368377298,-0.01722990368377298,0.4335569303159755,0.06756860712885986,-0.06415239268490598,-0.06929007938092122,-0.01722990368377298,0.21616045206298637,-0.05280588202459167,0.1789175734257776,-0.01722990368377298,-0.07652102022237674,-0.09810324117025448,0.18479113121213817,-0.11940039336435485,-0.030001948287532405,0.2151732514420175,-0.01722990368377298,-0.01722990368377298,0.018395700966190955,-0.11564347412934362,-0.01722990368377298,-0.024431482741241732,-0.01722990368377298
Paraguay vs. France: O/U 0.5,-0.020932149451270466,-0.03304322929773627,-0.01612780885559875,-0.06012271327218285,-0.009262084933588906,-0.009262084933588906,-0.018672560282259283,-0.028385891682036344,-0.01612780885559875,-0.013133356538493462,-0.009262084933588906,-0.03986645364556571,-0.06518603239183757,-0.06216573339878252,-0.053818027173028,-0.03448559834689723,-0.013133356538493462,-0.051642616825672304,-0.03724515066884743,0.24281293363473744,-0.01867242679193166,-0.05595326393676862,-0.05805339707512682,-0.033043558084451745,-0.03986652557207335,-0.038570996058027635,-0.03986645364556571,-0.013133356538493462,-0.02299146376814882,-0.020932149451270466,-0.024900039079958226,-0.020932149451270466,-0.02299146376814882,-0.01612780885559875,-0.01612780885559875,0.1660432817379551,0.20636479856289897,0.6401863411124358,0.18235121450462147,-0.013133356538493462,-0.020932149451270466,0.3419798796866348,0.1778556892422294,0.23449914164809527,-0.020932149451270466,-0.009262084933588906,0.2757978030197978,-0.009262084933588906,-0.028385891682036344,-0.026690710196610616,0.19128342307570942,0.20611146934943075,0.23395118705422166,0.19134226502940563,0.11780661259529658,0.472640583315608,-0.01612780885559875,-0.020932149451270466,-0.030001948287532405,1.0,0.14345505186858742,0.5220493138703182,-0.028385891682036344,-0.01612780885559875,0.20954435378465655,0.5757660913875435,-0.01867242679193166,0.5121517023945348,-0.01612780885559875,-0.013133356538493462,-0.013133356538493462,-0.028385891682036344,-0.009262084933588906,-0.009262084933588906,0.06379557220786872,-0.026690807665411372,-0.03448567796116856,-0.03724748623439058,-0.009262084933588906,-0.013133356538493462,-0.028386262238103404,-0.026690807665411372,-0.009262084933588906,-0.04113454152224999,-0.05273625254417441,0.1867788577343207,-0.06418472237230825,-0.01612780885559875,0.3603253209061613,-0.009262084933588906,-0.009262084933588906,-0.09309806676655354,-0.06216515768512549,-0.009262084933588906,-0.013133356538493462,-0.009262084933588906
Paraguay vs. France: O/U 1.5,-0.04095005146969703,-0.0646432390336853,-0.03155120807195076,-0.1176194641990908,-0.018119632464412335,-0.018119632464412335,-0.0365295645537792,-0.05553198098927589,-0.03155120807195076,-0.02569309126486039,-0.018119632464412335,-0.07799167173446304,-0.12752495331477154,-0.12161627205356587,-0.10528545995066399,-0.06746497919653582,-0.02569309126486039,-0.10102965402402898,-0.0728635556724134,-0.04095005146969703,-0.03652930340354235,-0.10946267336005233,-0.11357121272956104,-0.06464388224679404,-0.07799181244596506,-0.07545733788547201,-0.07799167173446304,-0.02569309126486039,-0.04497873602809694,-0.04095005146969703,-0.04871252636025248,-0.04095005146969703,-0.04497873602809694,-0.03155120807195076,-0.03155120807195076,0.0504836190811599,0.18903593253592105,0.30364911298678376,0.39836101541809604,0.418010158221567,0.09530193796584037,0.13874140757496337,0.5148604524029544,0.5190906524396833,-0.04095005146969703,0.28991411943059736,0.41429169079735956,-0.018119632464412335,-0.05553198098927589,-0.052215657969498876,0.2788916402153958,0.4923720231709793,0.35283033393308894,0.279105124146488,0.020101013159891525,-0.044978519358647426,0.3183196677773772,0.09680678834211977,0.15492941081106218,0.14345505186858742,1.0,0.32696449681783096,0.16553344234283912,0.14140121340823597,0.33672230654063906,0.11787245400801533,-0.03652930340354235,0.23748424531509305,-0.03155120807195076,-0.02569309126486039,-0.02569309126486039,-0.05553198098927589,-0.018119632464412335,-0.018119632464412335,0.5463250058898524,0.1799707505928524,-0.067465134947789,-0.0728681247936795,-0.018119632464412335,-0.02569309126486039,-0.055532705916739936,-0.05221584864998379,-0.018119632464412335,-0.08047246158068536,-0.1031691590503053,0.5085387100546831,-0.1255660672036101,0.14534701143551215,0.2908636115130043,-0.018119632464412335,-0.018119632464412335,-0.11180248511497808,-0.12161514577153057,-0.018119632464412335,-0.02569309126486039,-0.018119632464412335
Paraguay vs. France: O/U 2.5,-0.04095005146969703,-0.0646432390336853,-0.03155120807195076,-0.1176194641990908,-0.018119632464412335,-0.018119632464412335,-0.0365295645537792,-0.05553198098927589,-0.03155120807195076,-0.02569309126486039,-0.018119632464412335,-0.07799167173446304,-0.12752495331477154,-0.12161627205356587,-0.10528545995066399,-0.06746497919653582,-0.02569309126486039,-0.10102965402402898,-0.0728635556724134,0.10423649465013791,-0.03652930340354235,-0.10946267336005233,-0.11357121272956104,-0.06464388224679404,-0.07799181244596506,-0.07545733788547201,-0.07799167173446304,-0.02569309126486039,-0.04497873602809694,-0.04095005146969703,-0.04871252636025248,-0.04095005146969703,-0.04497873602809694,-0.03155120807195076,-0.03155120807195076,0.16213225319133945,0.31494273381681825,0.5553556035549323,0.16845137951006683,0.18921929791066736,-0.04095005146969703,0.4459464581747764,0.2907965088433624,0.23305877777765718,-0.04095005146969703,0.28332516217081105,0.42402907139204726,-0.018119632464412335,-0.05553198098927589,-0.052215657969498876,0.17696562099715685,0.5023643259841928,0.3417380829001534,0.5163673977988995,0.09835844932329929,0.22504403961936054,-0.03155120807195076,0.09386011797181353,0.23592589020479687,0.5220493138703182,0.32696449681783096,1.0,0.04492181413359413,0.14534701143551215,0.4658741909712975,0.44173398375024364,0.2739609902203138,0.38869367065771393,-0.03155120807195076,-0.02569309126486039,-0.02569309126486039,-0.05553198098927589,-0.018119632464412335,-0.018119632464412335,0.3838649978461645,-0.05221584864998379,-0.067465134947789,-0.0728681247936795,-0.018119632464412335,-0.02569309126486039,-0.055532705916739936,0.05120493575524505,-0.018119632464412335,-0.08047246158068536,-0.1031691590503053,0.3975756765433069,-0.1255660672036101,0.3299142435190657,0.5543761976669509,-0.018119632464412335,-0.018119632464412335,-0.13731827047883316,-0.12161514577153057,-0.018119632464412335,-0.02569309126486039,-0.018119632464412335
Paraguay vs. France: O/U 3.5,-0.036841813560413814,-0.05815802605724828,-0.028385891682036344,-0.1058195097582555,-0.016301813967952983,-0.016301813967952983,-0.03286480378979096,-0.04996083806540043,-0.028385891682036344,-0.023115479570792494,-0.016301813967952983,-0.07016730202237621,-0.11473124906326392,-0.10941534528291491,-0.0947228915938033,-0.060696680375487644,-0.023115479570792494,-0.0908940414978659,0.02813296174075226,-0.036841813560413814,-0.03286456883896693,-0.09848103382091697,-0.10217739160374101,-0.05815860474119571,-0.07016742861725796,-0.06788722051299236,-0.07016730202237621,-0.023115479570792494,-0.04046632781784083,-0.036841813560413814,-0.04382553256493972,-0.036841813560413814,-0.04046632781784083,-0.028385891682036344,-0.028385891682036344,0.4213922067750147,0.3408799758939554,-0.04382553256493972,0.2008821556039461,-0.023115479570792494,0.1162563894573058,0.2719545032745629,0.1957315081359776,0.28753941708720854,-0.036841813560413814,-0.016301813967952983,0.4658149234891502,-0.016301813967952983,-0.04996083806540043,-0.04697721899739643,0.3169236194030704,0.3814382003135143,0.23588334564124394,0.07694901612668771,0.22356722851078187,0.23090992033873334,0.17029309973620627,0.11953121732934259,0.39321708040472786,-0.028385891682036344,0.16553344234283912,0.04492181413359413,1.0,0.1598910583006962,0.09449234557355495,-0.03286456883896693,0.48567495543182315,0.11291485002641409,-0.028385891682036344,-0.023115479570792494,-0.023115479570792494,-0.04996083806540043,-0.016301813967952983,-0.016301813967952983,0.2508062944376266,-0.04697739054821561,-0.06069682050128542,-0.06555776541898371,-0.016301813967952983,-0.023115479570792494,-0.04996149026586213,0.074318728962521,-0.016301813967952983,-0.07239921123169,-0.09281890465336082,0.1983235375232283,-0.11296888456545864,-0.028385891682036344,0.49630828139634975,-0.016301813967952983,-0.016301813967952983,-0.12012824107404622,-0.10941433199303438,-0.016301813967952983,-0.023115479570792494,-0.016301813967952983
Paraguay vs. France: O/U 4.5,-0.020932149451270466,-0.03304322929773627,-0.01612780885559875,-0.06012271327218285,-0.009262084933588906,-0.009262084933588906,-0.018672560282259283,-0.028385891682036344,-0.01612780885559875,-0.013133356538493462,-0.009262084933588906,-0.03986645364556571,-0.06518603239183757,-0.06216573339878252,-0.053818027173028,-0.03448559834689723,-0.013133356538493462,-0.051642616825672304,-0.03724515066884743,-0.020932149451270466,-0.01867242679193166,-0.05595326393676862,-0.05805339707512682,-0.033043558084451745,-0.03986652557207335,-0.038570996058027635,-0.03986645364556571,-0.013133356538493462,-0.02299146376814882,-0.020932149451270466,-0.024900039079958226,-0.020932149451270466,-0.02299146376814882,-0.01612780885559875,-0.01612780885559875,-0.028385891682036344,0.4280435289459486,-0.024900039079958226,-0.026690710196610616,-0.013133356538493462,-0.020932149451270466,0.1639365717538499,0.18684673976701355,-0.020932149451270466,-0.020932149451270466,-0.009262084933588906,0.2749456670142018,-0.009262084933588906,-0.028385891682036344,-0.026690710196610616,-0.026690710196610616,0.34792924072788334,0.0796378343260234,-0.026690710196610616,-0.03588445474986432,-0.022991353014752035,-0.01612780885559875,-0.020932149451270466,0.34203279317567803,-0.01612780885559875,0.14140121340823597,0.14534701143551215,0.1598910583006962,1.0,-0.022991353014752035,0.2707501884830091,0.27384579363017236,0.24278898372528718,-0.01612780885559875,-0.013133356538493462,-0.013133356538493462,-0.028385891682036344,-0.009262084933588906,-0.009262084933588906,0.3329769951691371,-0.026690807665411372,-0.03448567796116856,-0.03724748623439058,-0.009262084933588906,-0.013133356538493462,-0.028386262238103404,-0.026690807665411372,-0.009262084933588906,-0.04113454152224999,-0.05273625254417441,0.4004135754238881,-0.06418472237230825,-0.01612780885559875,0.08005862407227501,-0.009262084933588906,-0.009262084933588906,-0.09309806676655354,-0.06216515768512549,-0.009262084933588906,-0.013133356538493462,-0.009262084933588906
Paraguay vs. France: O/U 5.5,-0.02984028653245348,-0.047105503068255894,-0.022991353014752035,-0.08570925768168493,-0.01320376910883552,-0.01320376910883552,-0.026619079441137318,-0.040466132885351704,-0.022991353014752035,-0.018722545582519238,-0.01320376910883552,-0.056832500770447714,-0.09292738373641632,-0.08862173000619356,-0.07672147359701995,-0.049161704024240055,-0.018722545582519238,-0.07362026947835654,-0.053095644596372414,-0.02984028653245348,-0.0266188891410616,-0.07976540737902252,-0.0827592984149527,-0.04710597177739734,-0.05683260330686435,-0.05498573268326349,-0.056832500770447714,-0.018722545582519238,-0.032775987398677896,-0.02984028653245348,-0.03549679895726836,-0.02984028653245348,-0.032775987398677896,-0.022991353014752035,-0.022991353014752035,0.3851855651132811,0.11834949372676548,0.4444567702142626,-0.0380495295944487,-0.018722545582519238,-0.02984028653245348,0.22238859100196348,0.11649732517806514,0.5272731264750352,-0.02984028653245348,0.4049155860042893,0.2887770984142673,-0.01320376910883552,-0.040466132885351704,-0.0380495295944487,0.1070520495335878,0.46356448050998356,0.318416691514356,0.41144828628917735,0.06271717955520971,0.13566996801418166,-0.022991353014752035,0.1571483167299931,0.09051838722011946,0.20954435378465655,0.33672230654063906,0.4658741909712975,0.09449234557355495,-0.022991353014752035,1.0,0.17853903951227032,-0.0266188891410616,0.34408167959996117,-0.022991353014752035,-0.018722545582519238,-0.018722545582519238,-0.040466132885351704,-0.01320376910883552,-0.01320376910883552,0.3371396394961225,-0.038049668543243674,-0.04916181752011749,-0.05309897411325674,-0.01320376910883552,-0.018722545582519238,-0.04046666113971198,0.11173315365873143,-0.01320376910883552,-0.058640251363700456,-0.07517932595644068,0.1116672700238806,-0.09149994419132182,0.4572589491411295,0.5372365473717118,-0.01320376910883552,-0.01320376910883552,-0.13271799890396965,-0.08862090928491376,-0.01320376910883552,-0.018722545582519238,-0.01320376910883552
Paraguay vs. France: O/U 6.5,-0.024234787981811664,-0.03825673317158655,-0.01867242679193166,-0.06960877154229232,-0.010723440760711534,-0.010723440760711534,-0.02161868472091791,-0.03286456883896693,-0.01867242679193166,-0.01520551493963325,-0.010723440760711534,-0.04615651411892472,-0.07547097244214485,-0.07197413586982974,-0.062309342916455734,-0.039926676727995734,-0.01520551493963325,-0.05979070006688424,-0.043121626468005346,-0.024234787981811664,-0.02161853016871604,-0.0647814736635006,-0.06721296219553945,-0.03825711383370437,-0.046156597393873,-0.044656661461819354,-0.04615651411892472,-0.01520551493963325,-0.026619017368938798,-0.024234787981811664,-0.02882872441009571,-0.024234787981811664,-0.026619017368938798,-0.01867242679193166,-0.01867242679193166,0.13684876019188874,0.3706223425012191,0.3644338634895281,0.15156658224317382,-0.01520551493963325,-0.024234787981811664,0.45755428521955344,0.14764252833396543,0.20112309497074918,-0.024234787981811664,-0.010723440760711534,0.31983438912316,-0.010723440760711534,-0.03286456883896693,-0.03090192453501602,-0.03090192453501602,0.27799762913158266,0.1705414914124467,0.1594146900615906,0.23134630909588388,0.18971240038629616,-0.01867242679193166,-0.024234787981811664,0.12422113647971408,0.5757660913875435,0.11787245400801533,0.44173398375024364,-0.03286456883896693,0.2707501884830091,0.17853903951227032,1.0,0.22836717186159566,0.4435581121695659,-0.01867242679193166,-0.01520551493963325,-0.01520551493963325,-0.03286456883896693,-0.010723440760711534,-0.010723440760711534,0.25673303192928165,-0.03090203738227649,-0.039926768903669835,-0.043124330535062,-0.010723440760711534,-0.01520551493963325,-0.032864997860732784,-0.03090203738227649,-0.010723440760711534,-0.04762467871928228,-0.06105688774765423,0.15743452500010416,-0.07431167745030234,-0.01867242679193166,0.30603234797088874,-0.010723440760711534,-0.010723440760711534,-0.107786919583026,-0.07197346932106233,-0.010723440760711534,-0.01520551493963325,-0.010723440760711534
Paraguay vs. France: Paraguay O/U 2.5,-0.024234787981811664,-0.03825673317158655,-0.01867242679193166,-0.06960877154229232,-0.010723440760711534,-0.010723440760711534,-0.02161868472091791,-0.03286456883896693,-0.01867242679193166,-0.01520551493963325,-0.010723440760711534,-0.04615651411892472,-0.07547097244214485,-0.07197413586982974,-0.062309342916455734,-0.039926676727995734,-0.01520551493963325,-0.05979070006688424,-0.043121626468005346,-0.024234787981811664,-0.02161853016871604,-0.0647814736635006,-0.06721296219553945,-0.03825711383370437,-0.046156597393873,-0.044656661461819354,-0.04615651411892472,-0.01520551493963325,-0.026619017368938798,-0.024234787981811664,-0.02882872441009571,-0.024234787981811664,-0.026619017368938798,-0.01867242679193166,-0.01867242679193166,0.1498322935603695,0.3583107557350029,-0.02882872441009571,0.14392285223252832,-0.01520551493963325,-0.024234787981811664,0.45924511885709357,0.15156658224317382,0.2108811233591929,-0.024234787981811664,-0.010723440760711534,0.32292190195048653,-0.010723440760711534,-0.03286456883896693,-0.03090192453501602,-0.03090192453501602,0.16127325653754612,0.17285440567035823,0.15156658224317382,0.24035898599428468,-0.0266188891410616,0.27076665446783443,-0.024234787981811664,0.29696184690623173,-0.01867242679193166,-0.03652930340354235,0.2739609902203138,0.48567495543182315,0.27384579363017236,-0.0266188891410616,0.22836717186159566,1.0,0.20843679319234176,-0.01867242679193166,-0.01520551493963325,-0.01520551493963325,-0.03286456883896693,-0.010723440760711534,-0.010723440760711534,0.24567260923207274,-0.03090203738227649,-0.039926768903669835,-0.043124330535062,-0.010723440760711534,-0.01520551493963325,-0.032864997860732784,-0.03090203738227649,-0.010723440760711534,-0.04762467871928228,-0.06105688774765423,0.15355128992934994,-0.07431167745030234,-0.01867242679193166,0.42039053926256736,-0.010723440760711534,-0.010723440760711534,-0.107786919583026,-0.07197346932106233,-0.010723440760711534,-0.01520551493963325,-0.010723440760711534
Paraguay vs. France: Team to Advance,-0.0271682881462874,-0.042887519838066976,-0.020932630888060008,-0.07803456602093682,-0.012021459759635807,-0.012021459759635807,-0.024235518638844395,-0.03684266091746535,-0.020932630888060008,-0.017046066654376083,-0.012021459759635807,-0.05174352985271661,-0.08460635708996324,-0.08068624589821553,-0.06985157798081772,-0.04475960172971013,-0.017046066654376083,-0.06702806598120378,-0.04834128419438166,-0.0271682881462874,-0.024235345378869635,-0.07262294781996868,-0.07534875590677362,-0.04288794657743483,-0.051743623207681874,-0.050062127515060714,-0.05174352985271661,-0.017046066654376083,-0.029841116604490976,-0.0271682881462874,-0.03231829765753287,-0.0271682881462874,-0.029841116604490976,-0.020932630888060008,-0.020932630888060008,0.4159300329983954,0.324145441373293,0.49666114939825795,0.1281495647523754,-0.017046066654376083,-0.0271682881462874,0.5514258522028418,0.12464866124558807,0.37922330330414666,-0.0271682881462874,-0.012021459759635807,0.32574334402850846,-0.012021459759635807,-0.03684266091746535,-0.034642448313236006,-0.034642448313236006,0.3260723262967823,0.2427463970792348,0.2979158908249637,0.20206528850702202,0.16316222935785732,-0.020932630888060008,0.17813197180359444,0.10902425046766395,0.5121517023945348,0.23748424531509305,0.38869367065771393,0.11291485002641409,0.24278898372528718,0.34408167959996117,0.4435581121695659,0.20843679319234176,1.0,-0.020932630888060008,-0.017046066654376083,-0.017046066654376083,-0.03684266091746535,-0.012021459759635807,-0.012021459759635807,0.2055698041827405,-0.03464257482009429,-0.04475970506278966,-0.04834431557526343,-0.012021459759635807,-0.017046066654376083,-0.03684314187017533,-0.03464257482009429,-0.012021459759635807,-0.053389408452464586,-0.06844751936302233,0.3014486916525955,-0.08330673522372026,-0.020932630888060008,0.4718755052691822,-0.012021459759635807,-0.012021459759635807,-0.12083398839016574,-0.0806854986670456,-0.012021459759635807,-0.017046066654376083,-0.012021459759635807
Pittsburgh Pirates vs. Washington Nationals: O/U 10.5,0.5065580167207453,0.30476114217374217,-0.01612780885559875,0.06298569961847728,-0.009262084933588906,-0.009262084933588906,-0.018672560282259283,0.3794853843700179,-0.01612780885559875,-0.013133356538493462,-0.009262084933588906,0.24625052221219385,0.018659070647610645,0.02352216939413393,0.04472234527107307,-0.03448559834689723,-0.013133356538493462,-0.051642616825672304,-0.03724515066884743,-0.020932149451270466,-0.01867242679193166,-0.05595326393676862,-0.05805339707512682,-0.033043558084451745,0.2695529693027011,-0.038570996058027635,0.10012315695112092,-0.013133356538493462,-0.02299146376814882,-0.020932149451270466,-0.024900039079958226,-0.020932149451270466,-0.02299146376814882,-0.01612780885559875,-0.01612780885559875,-0.028385891682036344,-0.024900039079958226,-0.024900039079958226,-0.026690710196610616,-0.013133356538493462,-0.020932149451270466,-0.030001948287532405,-0.026690710196610616,-0.020932149451270466,-0.020932149451270466,-0.009262084933588906,-0.05909164717942186,-0.009262084933588906,-0.028385891682036344,0.17571384212768654,-0.026690710196610616,-0.04941780548414575,-0.044796281808388155,-0.026690710196610616,-0.03588445474986432,-0.022991353014752035,-0.01612780885559875,-0.020932149451270466,-0.030001948287532405,-0.01612780885559875,-0.03155120807195076,-0.03155120807195076,-0.028385891682036344,-0.01612780885559875,-0.022991353014752035,-0.01867242679193166,-0.01867242679193166,-0.020932630888060008,1.0,0.39402385904111514,-0.013133356538493462,-0.028385891682036344,-0.009262084933588906,-0.009262084933588906,-0.051641625154941945,-0.026690807665411372,-0.03448567796116856,-0.03724748623439058,-0.009262084933588906,-0.013133356538493462,-0.028386262238103404,-0.026690807665411372,-0.009262084933588906,-0.04113454152224999,0.18328804124983974,-0.026691100078220616,0.02537434282904711,-0.01612780885559875,-0.043597041729715645,-0.009262084933588906,-0.009262084933588906,-0.0026984946888856096,0.05040418190685851,0.5742492658825122,-0.013133356538493462,-0.009262084933588906
Pittsburgh Pirates vs. Washington Nationals: O/U 9.5,0.30341300798709114,0.40594672118761627,-0.013133356538493462,-0.048959721468367794,-0.007542392448457355,-0.007542392448457355,0.34401717833408757,0.475165113857925,-0.013133356538493462,-0.010694884563150747,-0.007542392448457355,0.1451452661173037,0.17928830999895867,-0.05062341378876859,0.20707828757425667,-0.028082652925034784,-0.010694884563150747,-0.04205412560534566,-0.030329838817135555,-0.017045674606016355,-0.01520551493963325,0.09850125819765496,-0.04727461547224968,-0.026908356461136363,0.3398213990420134,-0.031409514324634916,0.13944655883640156,-0.010694884563150747,-0.018722635772318783,0.2999677975640762,-0.0202768456637547,-0.017045674606016355,0.27301367295508233,0.4071572155796086,-0.013133356538493462,-0.023115479570792494,-0.0202768456637547,-0.0202768456637547,-0.021735042646912395,-0.010694884563150747,-0.017045674606016355,-0.024431482741241732,-0.021735042646912395,-0.017045674606016355,-0.017045674606016355,-0.007542392448457355,-0.04812009354790912,-0.007542392448457355,-0.023115479570792494,0.24592798254191617,-0.021735042646912395,-0.04024239526796578,-0.03647895047963406,-0.021735042646912395,-0.029221783482124907,-0.018722545582519238,-0.013133356538493462,-0.017045674606016355,-0.024431482741241732,-0.013133356538493462,-0.02569309126486039,-0.02569309126486039,-0.023115479570792494,-0.013133356538493462,-0.018722545582519238,-0.01520551493963325,-0.01520551493963325,-0.017046066654376083,0.39402385904111514,1.0,-0.010694884563150747,-0.023115479570792494,-0.007542392448457355,-0.007542392448457355,-0.04205331805824567,-0.02173512201866854,-0.028082717757314253,-0.030331740737927892,-0.007542392448457355,-0.010694884563150747,-0.02311578132566756,-0.02173512201866854,-0.007542392448457355,-0.0334970859771587,0.1050408678020412,-0.021735360139154378,0.1998518868306769,-0.013133356538493462,-0.035502373458572115,-0.007542392448457355,-0.007542392448457355,-0.07581253689431974,-0.05062294496793933,-0.007542392448457355,-0.010694884563150747,-0.007542392448457355
Quito: Samuel Heredia vs Matheus Pucinelli de Almeida,-0.017045674606016355,-0.026908088720292076,-0.013133356538493462,-0.048959721468367794,-0.007542392448457355,-0.007542392448457355,-0.015205623644794797,-0.023115479570792494,-0.013133356538493462,-0.010694884563150747,-0.007542392448457355,-0.03246444413747976,-0.0530829334844571,-0.05062341378876859,-0.043825627237412186,-0.028082652925034784,-0.010694884563150747,-0.04205412560534566,-0.030329838817135555,-0.017045674606016355,-0.01520551493963325,-0.04556441432023215,-0.04727461547224968,-0.026908356461136363,-0.03246450270938359,-0.031409514324634916,-0.03246444413747976,-0.010694884563150747,-0.018722635772318783,-0.017045674606016355,-0.0202768456637547,-0.017045674606016355,-0.018722635772318783,-0.013133356538493462,-0.013133356538493462,-0.023115479570792494,-0.0202768456637547,-0.0202768456637547,-0.021735042646912395,-0.010694884563150747,-0.017045674606016355,-0.024431482741241732,-0.021735042646912395,-0.017045674606016355,-0.017045674606016355,-0.007542392448457355,-0.04812009354790912,-0.007542392448457355,0.2080936735258939,-0.021735042646912395,-0.021735042646912395,-0.04024239526796578,-0.03647895047963406,-0.021735042646912395,-0.029221783482124907,-0.018722545582519238,-0.013133356538493462,-0.017045674606016355,-0.024431482741241732,-0.013133356538493462,-0.02569309126486039,-0.02569309126486039,-0.023115479570792494,-0.013133356538493462,-0.018722545582519238,-0.01520551493963325,-0.01520551493963325,-0.017046066654376083,-0.013133356538493462,-0.010694884563150747,1.0,-0.023115479570792494,-0.007542392448457355,-0.007542392448457355,-0.04205331805824567,-0.02173512201866854,-0.028082717757314253,-0.030331740737927892,-0.007542392448457355,-0.010694884563150747,-0.02311578132566756,-0.02173512201866854,-0.007542392448457355,-0.0334970859771587,-0.04294470584119298,-0.021735360139154378,-0.052267536823336624,-0.013133356538493462,-0.035502373458572115,-0.007542392448457355,-0.007542392448457355,0.010894309802925788,0.09723543497917361,-0.007542392448457355,-0.010694884563150747,-0.007542392448457355
Spread: Canada (-1.5),-0.036841813560413814,0.040823446862054344,-0.028385891682036344,0.009941186160710894,-0.016301813967952983,-0.016301813967952983,-0.03286480378979096,0.06404281704849553,0.16400737416287664,0.2259772544284,-0.016301813967952983,0.3709740914475556,0.2999065407612561,0.08142217926379268,0.05398334957888042,0.6337235188229474,0.4700555193143518,0.2569186075965545,-0.06555365468632822,-0.036841813560413814,0.31408751518557665,0.02790772199248947,0.08163924987846337,0.04414036373949657,0.2864253993837926,0.02167122912319509,-0.07016730202237621,-0.023115479570792494,0.10325535067922899,0.2775936435499116,0.08213008597077895,0.12785690406221917,0.24449496752492036,-0.028385891682036344,0.3774272264389277,-0.04996083806540043,-0.04382553256493972,-0.04382553256493972,-0.04697721899739643,-0.023115479570792494,-0.036841813560413814,-0.0528051926932596,-0.04697721899739643,-0.036841813560413814,-0.036841813560413814,-0.016301813967952983,-0.1040047728223094,-0.016301813967952983,-0.04996083806540043,-0.04697721899739643,-0.04697721899739643,-0.08697824274808004,-0.0788440893959041,-0.04697721899739643,-0.06315874987847299,-0.040466132885351704,-0.028385891682036344,-0.036841813560413814,-0.0528051926932596,-0.028385891682036344,-0.05553198098927589,-0.05553198098927589,-0.04996083806540043,-0.028385891682036344,-0.040466132885351704,-0.03286456883896693,-0.03286456883896693,-0.03684266091746535,-0.028385891682036344,-0.023115479570792494,-0.023115479570792494,1.0,-0.016301813967952983,-0.016301813967952983,-0.0908922960990837,-0.04697739054821561,0.23608710840392805,0.20830745505832907,-0.016301813967952983,-0.023115479570792494,-0.04996149026586213,-0.04697739054821561,-0.016301813967952983,0.09461695859379594,0.17986537301749567,-0.04697790521194977,0.07776306718041678,-0.028385891682036344,-0.07673335635840674,-0.016301813967952983,-0.016301813967952983,0.012233965280569312,-0.10941433199303438,-0.016301813967952983,-0.023115479570792494,-0.016301813967952983
Spread: Canada (-2.5),-0.01202118327394114,-0.01897648955142732,-0.009262084933588906,0.18349188536153094,-0.005319148936170213,-0.005319148936170213,-0.010723517423249099,-0.016301813967952983,-0.009262084933588906,-0.007542392448457355,-0.005319148936170213,-0.02289501834826318,0.17407679918874203,0.14473514086848016,0.17691768802449914,0.2711738501096982,-0.007542392448457355,0.20431055910886245,-0.02138962285254425,-0.01202118327394114,-0.010723440760711534,0.17207002079580322,0.17174970952773577,-0.018976678371279476,-0.022895059655140552,0.2519681522159213,0.2531919676160869,-0.007542392448457355,-0.013203832713716807,-0.01202118327394114,0.36362638010112414,-0.01202118327394114,-0.013203832713716807,-0.009262084933588906,-0.009262084933588906,-0.016301813967952983,-0.01429991382420151,-0.01429991382420151,-0.015328283401188487,-0.007542392448457355,-0.01202118327394114,-0.01722990368377298,-0.015328283401188487,-0.01202118327394114,-0.01202118327394114,-0.005319148936170213,-0.03393590908361219,-0.005319148936170213,-0.016301813967952983,-0.015328283401188487,-0.015328283401188487,-0.028380291192925407,-0.025726183298250112,-0.015328283401188487,-0.020608184947169136,-0.01320376910883552,-0.009262084933588906,-0.01202118327394114,-0.01722990368377298,-0.009262084933588906,-0.018119632464412335,-0.018119632464412335,-0.016301813967952983,-0.009262084933588906,-0.01320376910883552,-0.010723440760711534,-0.010723440760711534,-0.012021459759635807,-0.009262084933588906,-0.007542392448457355,-0.007542392448457355,-0.016301813967952983,1.0,-0.005319148936170213,-0.029657414877383628,-0.015328339376821576,0.28640899728000363,0.23387454138515884,-0.005319148936170213,-0.007542392448457355,-0.01630202677564413,-0.015328339376821576,-0.005319148936170213,0.23098310516615744,0.1730631516271699,-0.015328507307400308,0.14177240627661117,-0.009262084933588906,-0.02503746832376846,-0.005319148936170213,-0.005319148936170213,-0.053465551908832884,-0.035701004119335064,-0.005319148936170213,-0.007542392448457355,-0.005319148936170213
Spread: Detroit Tigers (-1.5),-0.01202118327394114,-0.01897648955142732,-0.009262084933588906,-0.0345280429443741,-0.005319148936170213,-0.005319148936170213,-0.010723517423249099,-0.016301813967952983,-0.009262084933588906,-0.007542392448457355,-0.005319148936170213,-0.02289501834826318,-0.037435870793277856,-0.03570133474755844,-0.030907306944039006,-0.0198048317495847,-0.007542392448457355,-0.029657984386770357,-0.02138962285254425,-0.01202118327394114,-0.010723440760711534,-0.03213355810042108,-0.03333964949656048,-0.018976678371279476,-0.022895059655140552,-0.02215104634865242,-0.02289501834826318,-0.007542392448457355,-0.013203832713716807,-0.01202118327394114,-0.01429991382420151,-0.01202118327394114,-0.013203832713716807,-0.009262084933588906,-0.009262084933588906,-0.016301813967952983,-0.01429991382420151,-0.01429991382420151,-0.015328283401188487,-0.007542392448457355,-0.01202118327394114,-0.01722990368377298,-0.015328283401188487,-0.01202118327394114,-0.01202118327394114,-0.005319148936170213,0.16369085557977645,-0.005319148936170213,-0.016301813967952983,-0.015328283401188487,-0.015328283401188487,0.16801132386211842,0.18375845213035794,-0.015328283401188487,0.2472982193660296,-0.01320376910883552,-0.009262084933588906,-0.01202118327394114,-0.01722990368377298,-0.009262084933588906,-0.018119632464412335,-0.018119632464412335,-0.016301813967952983,-0.009262084933588906,-0.01320376910883552,-0.010723440760711534,-0.010723440760711534,-0.012021459759635807,-0.009262084933588906,-0.007542392448457355,-0.007542392448457355,-0.016301813967952983,-0.005319148936170213,1.0,0.18453502590372037,0.3506357632447935,-0.019804877471489613,-0.0213909641510816,-0.005319148936170213,-0.007542392448457355,-0.01630202677564413,-0.015328339376821576,-0.005319148936170213,-0.0236232721192661,-0.03028605153475473,-0.015328507307400308,-0.036860825631918906,-0.009262084933588906,-0.02503746832376846,-0.005319148936170213,-0.005319148936170213,-0.053465551908832884,-0.035701004119335064,-0.005319148936170213,-0.007542392448457355,-0.005319148936170213
Spread: France (-1.5),-0.06702523729839939,-0.10580520122608691,-0.051641625154941945,-0.1925143489670192,-0.029657414877383628,-0.029657414877383628,-0.05978997937123628,-0.0908922960990837,-0.051641625154941945,-0.04205331805824567,-0.029657414877383628,-0.12765332686259326,-0.20872721646552553,-0.19905614770152222,-0.17232659505901685,-0.11042370101355202,-0.04205331805824567,-0.16536087970845795,-0.07118665717195322,0.028806535458132384,-0.059789551932052036,-0.17916367364529148,-0.18588834959337705,-0.10580625400892113,-0.12765355717297078,-0.12350524104766605,-0.12765332686259326,-0.04205331805824567,-0.07361921041530665,-0.06702523729839939,-0.0797305136750934,-0.06702523729839939,-0.07361921041530665,-0.051641625154941945,-0.051641625154941945,0.10682570947016656,0.17490670789193105,0.16861683393721497,0.37626560004840837,0.24935318397146727,0.23143474256177085,0.3582809560925011,0.2898257527980646,0.4023195450989246,0.33596153924374655,0.18892871699666608,0.5917920855607036,-0.029657414877383628,-0.0908922960990837,-0.08546428491518607,0.2767289331226432,0.7129662855456804,0.4806188059117323,0.27755795175938663,0.27956771746451864,0.17549938870615325,0.2047617929668908,0.12257882218519345,0.4335569303159755,0.06379557220786872,0.5463250058898524,0.3838649978461645,0.2508062944376266,0.3329769951691371,0.3371396394961225,0.25673303192928165,0.24567260923207274,0.2055698041827405,-0.051641625154941945,-0.04205331805824567,-0.04205331805824567,-0.0908922960990837,-0.029657414877383628,0.18453502590372037,1.0,0.3918425326288574,-0.11042395594033058,-0.11926733130970303,0.18453502590372037,0.08731234662494863,-0.09089348262836894,0.045374281688488956,-0.029657414877383628,-0.13171377421645203,-0.16886272712843994,0.3535648653042185,-0.20552099811587848,0.19308347914584376,0.4664890970732784,-0.029657414877383628,-0.029657414877383628,-0.08187107339357735,-0.1587323422126692,-0.029657414877383628,-0.04205331805824567,-0.029657414877383628
Spread: France (-2.5),-0.03464177806358089,-0.05468507754069747,-0.026690807665411372,-0.09950042133054116,-0.015328339376821576,-0.015328339376821576,-0.030902258302842427,-0.04697739054821561,-0.026690807665411372,-0.02173512201866854,-0.015328339376821576,-0.06597721092077816,-0.10787998968860667,-0.1028815289406246,-0.08906644573162291,-0.05707213428339523,-0.02173512201866854,-0.0854662381836236,0.035874591509598014,0.1298975032468771,-0.03090203738227649,-0.09260016778223686,-0.09607579489126082,-0.05468562166811517,-0.06597732995595514,-0.06383328612496356,-0.06597721092077816,-0.02173512201866854,-0.038049851835198475,-0.03464177806358089,-0.04120845924545268,-0.03464177806358089,-0.038049851835198475,-0.026690807665411372,-0.026690807665411372,-0.04697739054821561,0.10082912595233258,0.09785451683824284,0.22423394768608354,0.23910071728605414,0.615656795673087,-0.04965189248582625,0.2257019635640362,-0.03464177806358089,0.6130311688436647,-0.015328339376821576,0.03678690848736177,-0.015328339376821576,-0.04697739054821561,-0.044171940447053394,-0.044171940447053394,0.1277760285833365,0.16713489228096895,-0.044171940447053394,0.4283631374466044,-0.038049668543243674,0.18797130751136823,-0.03464177806358089,0.06756860712885986,-0.026690807665411372,0.1799707505928524,-0.05221584864998379,-0.04697739054821561,-0.026690807665411372,-0.038049668543243674,-0.03090203738227649,-0.03090203738227649,-0.03464257482009429,-0.026690807665411372,-0.02173512201866854,-0.02173512201866854,-0.04697739054821561,-0.015328339376821576,0.3506357632447935,0.3918425326288574,1.0,-0.05707226604147982,-0.06164293612377813,-0.015328339376821576,-0.02173512201866854,-0.04697800380205584,-0.04417210175359154,-0.015328339376821576,-0.06807584006020216,-0.08727615674602215,0.08752716052162197,-0.10622286605922855,-0.026690807665411372,0.013523572206326835,-0.015328339376821576,-0.015328339376821576,0.09192140326993241,-0.10288057616008091,-0.015328339376821576,-0.02173512201866854,-0.015328339376821576
Spread: Morocco (-1.5),-0.04475867561891224,-0.07065548547614393,-0.03448567796116856,0.21018351347956574,-0.019804877471489613,-0.019804877471489613,-0.0399270543425965,-0.06069682050128542,-0.03448567796116856,-0.028082717757314253,-0.019804877471489613,0.2088838070388243,0.12265877197339074,0.13546576921444436,0.2340509195207024,0.4294958664150942,0.18249766155109348,0.2519513611997467,-0.07964034563413044,-0.04475867561891224,0.10441573202707795,0.2731643721149814,0.2704276933939442,0.0116322459313091,-0.08524556402043072,0.22634150912911244,0.27669400120269316,-0.028082717757314253,0.0668099712842642,0.22659876517039043,0.0618708547663539,0.08814016121878102,0.06612633126663048,-0.03448567796116856,0.1406609561663998,-0.06069682050128542,-0.053243111734540216,-0.053243111734540216,-0.05707205762645554,-0.028082717757314253,-0.04475867561891224,-0.06415239268490598,-0.05707205762645554,-0.04475867561891224,-0.04475867561891224,-0.019804877471489613,-0.12635414600149553,-0.019804877471489613,-0.06069682050128542,-0.05707205762645554,-0.05707205762645554,-0.10566881966004371,-0.0957867347098141,-0.05707205762645554,-0.0767308046242345,-0.04916181752011749,-0.03448567796116856,-0.04475867561891224,-0.06415239268490598,-0.03448567796116856,-0.067465134947789,-0.067465134947789,-0.06069682050128542,-0.03448567796116856,-0.04916181752011749,-0.039926768903669835,-0.039926768903669835,-0.04475970506278966,-0.03448567796116856,-0.028082717757314253,-0.028082717757314253,0.23608710840392805,0.28640899728000363,-0.019804877471489613,-0.11042395594033058,-0.05707226604147982,1.0,0.3078928267636374,-0.019804877471489613,-0.028082717757314253,-0.060697612851772074,-0.05707226604147982,-0.019804877471489613,0.34176436150146494,0.18184999702636162,-0.057072891300252504,0.3242977432196112,-0.03448567796116856,-0.09322243056152492,-0.019804877471489613,-0.019804877471489613,-0.06371087906641833,-0.13292615429220445,-0.019804877471489613,-0.028082717757314253,-0.019804877471489613
Spread: Morocco (-2.5),0.07665680347712837,0.08088115056025273,-0.03724748623439058,0.3200407130453815,-0.0213909641510816,-0.0213909641510816,-0.04312463883355345,0.02760800272102606,-0.03724748623439058,0.1688841367013022,0.258117634089718,0.2694904719465393,0.3140991933270863,0.10425892286258986,0.15588765919903755,0.23929203924837386,0.17382708704377936,0.2654160046042349,-0.08601839526105881,-0.04834320368769385,0.23862129562734302,0.35576063819861226,0.3240367911446116,0.09116941505112588,0.3116920531619405,0.27625940438965507,0.11605566750042759,-0.030331740737927892,0.060703564058938085,0.08112108944730059,0.13655949101358933,0.2016568106419506,0.16359307714042523,-0.03724748623439058,0.13255813208025094,-0.06555776541898371,-0.057507121467685524,-0.057507121467685524,-0.06164271101769911,-0.030331740737927892,-0.04834320368769385,-0.06929007938092122,-0.06164271101769911,-0.04834320368769385,-0.04834320368769385,-0.0213909641510816,-0.1364733011526796,-0.0213909641510816,0.033651187681459124,0.1330101848229347,-0.06164271101769911,-0.11413137680296336,-0.10345787855928021,-0.06164271101769911,-0.08287584173966583,-0.05309897411325674,-0.03724748623439058,-0.04834320368769385,-0.06929007938092122,-0.03724748623439058,-0.0728681247936795,-0.0728681247936795,-0.06555776541898371,-0.03724748623439058,-0.05309897411325674,-0.043124330535062,-0.043124330535062,-0.04834431557526343,-0.03724748623439058,-0.030331740737927892,-0.030331740737927892,0.20830745505832907,0.23387454138515884,-0.0213909641510816,-0.11926733130970303,-0.06164293612377813,0.3078928267636374,1.0,-0.0213909641510816,-0.030331740737927892,-0.06555862122538186,-0.06164293612377813,-0.0213909641510816,-0.03035266720154477,0.07649573172318473,-0.06164361145681216,0.12852068219536497,-0.03724748623439058,-0.10068821042134359,-0.0213909641510816,-0.0213909641510816,-0.060329482962902775,-0.14357163306357082,-0.0213909641510816,-0.030331740737927892,-0.0213909641510816
Spread: Paraguay (-1.5),-0.01202118327394114,-0.01897648955142732,-0.009262084933588906,-0.0345280429443741,-0.005319148936170213,-0.005319148936170213,-0.010723517423249099,-0.016301813967952983,-0.009262084933588906,-0.007542392448457355,-0.005319148936170213,-0.02289501834826318,-0.037435870793277856,-0.03570133474755844,-0.030907306944039006,-0.0198048317495847,-0.007542392448457355,-0.029657984386770357,-0.02138962285254425,-0.01202118327394114,-0.010723440760711534,-0.03213355810042108,-0.03333964949656048,-0.018976678371279476,-0.022895059655140552,-0.02215104634865242,-0.02289501834826318,-0.007542392448457355,-0.013203832713716807,-0.01202118327394114,-0.01429991382420151,-0.01202118327394114,-0.013203832713716807,-0.009262084933588906,-0.009262084933588906,-0.016301813967952983,-0.01429991382420151,-0.01429991382420151,-0.015328283401188487,-0.007542392448457355,-0.01202118327394114,0.32392218925493205,-0.015328283401188487,-0.01202118327394114,-0.01202118327394114,-0.005319148936170213,0.1377398662805436,-0.005319148936170213,-0.016301813967952983,-0.015328283401188487,-0.015328283401188487,-0.028380291192925407,-0.025726183298250112,-0.015328283401188487,-0.020608184947169136,0.4049155860042893,-0.009262084933588906,-0.01202118327394114,-0.01722990368377298,-0.009262084933588906,-0.018119632464412335,-0.018119632464412335,-0.016301813967952983,-0.009262084933588906,-0.01320376910883552,-0.010723440760711534,-0.010723440760711534,-0.012021459759635807,-0.009262084933588906,-0.007542392448457355,-0.007542392448457355,-0.016301813967952983,-0.005319148936170213,-0.005319148936170213,0.18453502590372037,-0.015328339376821576,-0.019804877471489613,-0.0213909641510816,1.0,-0.007542392448457355,-0.01630202677564413,-0.015328339376821576,-0.005319148936170213,-0.0236232721192661,-0.03028605153475473,-0.015328507307400308,-0.036860825631918906,-0.009262084933588906,0.22533721491391615,-0.005319148936170213,-0.005319148936170213,-0.053465551908832884,-0.035701004119335064,-0.005319148936170213,-0.007542392448457355,-0.005319148936170213
Spread: Seattle Mariners (-1.5),-0.017045674606016355,-0.026908088720292076,-0.013133356538493462,-0.048959721468367794,-0.007542392448457355,-0.007542392448457355,-0.015205623644794797,-0.023115479570792494,-0.013133356538493462,-0.010694884563150747,-0.007542392448457355,-0.03246444413747976,-0.0530829334844571,-0.05062341378876859,-0.043825627237412186,-0.028082652925034784,-0.010694884563150747,-0.04205412560534566,-0.030329838817135555,-0.017045674606016355,-0.01520551493963325,-0.04556441432023215,-0.04727461547224968,-0.026908356461136363,-0.03246450270938359,-0.031409514324634916,-0.03246444413747976,-0.010694884563150747,-0.018722635772318783,-0.017045674606016355,-0.0202768456637547,-0.017045674606016355,-0.018722635772318783,-0.013133356538493462,-0.013133356538493462,-0.023115479570792494,-0.0202768456637547,-0.0202768456637547,-0.021735042646912395,-0.010694884563150747,-0.017045674606016355,-0.024431482741241732,-0.021735042646912395,-0.017045674606016355,-0.017045674606016355,-0.007542392448457355,0.09406856756128763,-0.007542392448457355,-0.023115479570792494,-0.021735042646912395,-0.021735042646912395,0.11587254764458718,0.1440867993623641,-0.021735042646912395,0.15763860068928606,-0.018722545582519238,-0.013133356538493462,-0.017045674606016355,0.21616045206298637,-0.013133356538493462,-0.02569309126486039,-0.02569309126486039,-0.023115479570792494,-0.013133356538493462,-0.018722545582519238,-0.01520551493963325,-0.01520551493963325,-0.017046066654376083,-0.013133356538493462,-0.010694884563150747,-0.010694884563150747,-0.023115479570792494,-0.007542392448457355,-0.007542392448457355,0.08731234662494863,-0.02173512201866854,-0.028082717757314253,-0.030331740737927892,-0.007542392448457355,1.0,-0.02311578132566756,-0.02173512201866854,-0.007542392448457355,-0.0334970859771587,-0.04294470584119298,-0.021735360139154378,-0.052267536823336624,-0.013133356538493462,-0.035502373458572115,-0.007542392448457355,-0.007542392448457355,-0.07581253689431974,-0.05062294496793933,-0.007542392448457355,-0.010694884563150747,-0.007542392448457355
Toronto Blue Jays vs. Seattle Mariners,-0.036842294502062195,-0.05815878526571865,-0.028386262238103404,-0.10582089115087807,-0.01630202677564413,-0.01630202677564413,-0.03286523281462391,-0.04996149026586213,-0.028386262238103404,-0.02311578132566756,-0.01630202677564413,-0.07016821800274298,-0.11473274679181508,-0.10941677361641518,-0.09472412812857779,-0.060697472724145066,-0.02311578132566756,-0.09089522804993598,0.20799650978267128,-0.036842294502062195,-0.032864997860732784,-0.09848231941535879,-0.1021787254513016,-0.05815936395722036,-0.07016834459927732,-0.06788810672864198,-0.07016821800274298,-0.02311578132566756,-0.04046685607474581,-0.036842294502062195,-0.04382610467368889,-0.036842294502062195,-0.04046685607474581,-0.028386262238103404,-0.028386262238103404,-0.04996149026586213,-0.04382610467368889,-0.04382610467368889,-0.0469778322489972,-0.02311578132566756,-0.036842294502062195,-0.05280588202459167,-0.0469778322489972,-0.036842294502062195,-0.036842294502062195,-0.01630202677564413,-0.030424589622381204,-0.01630202677564413,-0.04996149026586213,-0.0469778322489972,-0.0469778322489972,-0.08697937818239769,-0.078845118645082,-0.0469778322489972,0.0360328368756903,-0.04046666113971198,-0.028386262238103404,-0.036842294502062195,-0.05280588202459167,-0.028386262238103404,-0.055532705916739936,-0.055532705916739936,-0.04996149026586213,-0.028386262238103404,-0.04046666113971198,-0.032864997860732784,-0.032864997860732784,-0.03684314187017533,-0.028386262238103404,-0.02311578132566756,-0.02311578132566756,-0.04996149026586213,-0.01630202677564413,-0.01630202677564413,-0.09089348262836894,-0.04697800380205584,-0.060697612851772074,-0.06555862122538186,-0.01630202677564413,-0.02311578132566756,1.0,0.19756100996327527,-0.01630202677564413,-0.07240015634792143,-0.09282011633304461,-0.04697851847250854,-0.11297035928769157,-0.028386262238103404,-0.07673435805358204,-0.01630202677564413,-0.01630202677564413,-0.05030748142548936,0.07691456643598082,-0.01630202677564413,-0.02311578132566756,-0.01630202677564413
Toronto Blue Jays vs. Seattle Mariners: O/U 7.5,-0.03464177806358089,-0.05468507754069747,-0.026690807665411372,-0.09950042133054116,-0.015328339376821576,-0.015328339376821576,-0.030902258302842427,-0.04697739054821561,-0.026690807665411372,-0.02173512201866854,-0.015328339376821576,-0.06597721092077816,-0.10787998968860667,-0.1028815289406246,-0.08906644573162291,-0.05707213428339523,-0.02173512201866854,-0.0854662381836236,0.2192943116907541,0.1386954151360405,-0.03090203738227649,-0.09260016778223686,-0.09607579489126082,-0.05468562166811517,-0.06597732995595514,-0.06383328612496356,-0.06597721092077816,-0.02173512201866854,-0.038049851835198475,-0.03464177806358089,-0.04120845924545268,-0.03464177806358089,-0.038049851835198475,-0.026690807665411372,-0.026690807665411372,0.07697001026330212,-0.04120845924545268,-0.04120845924545268,0.08210663930320342,-0.02173512201866854,-0.03464177806358089,0.06390382458823934,-0.044171940447053394,-0.03464177806358089,-0.03464177806358089,-0.015328339376821576,0.03908109669895337,-0.015328339376821576,-0.04697739054821561,-0.044171940447053394,0.08624045515853282,0.08186649117862889,0.004478224206793491,-0.044171940447053394,0.04295807317358767,0.11334372163939783,-0.026690807665411372,-0.03464177806358089,0.1789175734257776,-0.026690807665411372,-0.05221584864998379,0.05120493575524505,0.074318728962521,-0.026690807665411372,0.11173315365873143,-0.03090203738227649,-0.03090203738227649,-0.03464257482009429,-0.026690807665411372,-0.02173512201866854,-0.02173512201866854,-0.04697739054821561,-0.015328339376821576,-0.015328339376821576,0.045374281688488956,-0.04417210175359154,-0.05707226604147982,-0.06164293612377813,-0.015328339376821576,-0.02173512201866854,0.19756100996327527,1.0,-0.015328339376821576,-0.06807584006020216,-0.08727615674602215,-0.044172585683809225,-0.10622286605922855,-0.026690807665411372,0.09314754039079035,-0.015328339376821576,-0.015328339376821576,0.140021271600535,0.174295996841487,-0.015328339376821576,-0.02173512201866854,-0.015328339376821576
Will Beijing Guoan FC win on 2026-07-04?,-0.01202118327394114,-0.01897648955142732,-0.009262084933588906,-0.0345280429443741,-0.005319148936170213,-0.005319148936170213,-0.010723517423249099,-0.016301813967952983,-0.009262084933588906,-0.007542392448457355,-0.005319148936170213,-0.02289501834826318,-0.037435870793277856,-0.03570133474755844,-0.030907306944039006,-0.0198048317495847,-0.007542392448457355,-0.029657984386770357,-0.02138962285254425,-0.01202118327394114,-0.010723440760711534,-0.03213355810042108,-0.03333964949656048,-0.018976678371279476,-0.022895059655140552,-0.02215104634865242,-0.02289501834826318,-0.007542392448457355,-0.013203832713716807,-0.01202118327394114,-0.01429991382420151,-0.01202118327394114,-0.013203832713716807,-0.009262084933588906,-0.009262084933588906,-0.016301813967952983,-0.01429991382420151,-0.01429991382420151,-0.015328283401188487,-0.007542392448457355,-0.01202118327394114,-0.01722990368377298,-0.015328283401188487,-0.01202118327394114,-0.01202118327394114,-0.005319148936170213,-0.03393590908361219,-0.005319148936170213,-0.016301813967952983,-0.015328283401188487,-0.015328283401188487,-0.028380291192925407,-0.025726183298250112,-0.015328283401188487,-0.020608184947169136,-0.01320376910883552,-0.009262084933588906,-0.01202118327394114,-0.01722990368377298,-0.009262084933588906,-0.018119632464412335,-0.018119632464412335,-0.016301813967952983,-0.009262084933588906,-0.01320376910883552,-0.010723440760711534,-0.010723440760711534,-0.012021459759635807,-0.009262084933588906,-0.007542392448457355,-0.007542392448457355,-0.016301813967952983,-0.005319148936170213,-0.005319148936170213,-0.029657414877383628,-0.015328339376821576,-0.019804877471489613,-0.0213909641510816,-0.005319148936170213,-0.007542392448457355,-0.01630202677564413,-0.015328339376821576,1.0,-0.0236232721192661,-0.03028605153475473,-0.015328507307400308,-0.036860825631918906,-0.009262084933588906,-0.02503746832376846,-0.005319148936170213,-0.005319148936170213,-0.053465551908832884,-0.035701004119335064,-0.005319148936170213,0.701442497706534,-0.005319148936170213
Will Canada vs. Morocco end in a draw?,0.05080194533073666,0.12122278829816376,-0.04113454152224999,0.23291659512010585,0.2178590650998985,0.2152342570866467,0.06734978463494767,0.15769966018237214,-0.04113454152224999,-0.0334970859771587,-0.0236232721192661,-0.10168078673992294,0.15473058236023324,0.34217607171489167,0.39399653698899456,0.2693552943648565,-0.0334970859771587,0.4976895666852923,-0.09499506166073564,-0.05338818053106577,-0.04762467871928228,0.19015381288933944,0.3919285295243151,0.22167970926831412,0.01987766796312641,0.36181333916224173,0.36254789628314676,0.3293387806478554,0.03425581645881233,0.055647997696401885,0.13823362510325743,0.05931392332016937,0.047809904185470875,-0.04113454152224999,-0.04113454152224999,-0.07239921123169,-0.06350842204361949,-0.06350842204361949,-0.06807559146261101,-0.0334970859771587,-0.05338818053106577,-0.07652102022237674,-0.06807559146261101,-0.05338818053106577,-0.05338818053106577,-0.0236232721192661,-0.15071531640060687,-0.0236232721192661,-0.07239921123169,0.015388045218914717,-0.06807559146261101,-0.12604184423480377,-0.11425448618520007,-0.06807559146261101,-0.09152455904753433,-0.058640251363700456,-0.04113454152224999,-0.05338818053106577,-0.07652102022237674,-0.04113454152224999,-0.08047246158068536,-0.08047246158068536,-0.07239921123169,-0.04113454152224999,-0.058640251363700456,-0.04762467871928228,-0.04762467871928228,-0.053389408452464586,-0.04113454152224999,-0.0334970859771587,-0.0334970859771587,0.09461695859379594,0.23098310516615744,-0.0236232721192661,-0.13171377421645203,-0.06807584006020216,0.34176436150146494,-0.03035266720154477,-0.0236232721192661,-0.0334970859771587,-0.07240015634792143,-0.06807584006020216,-0.0236232721192661,1.0,0.41245804154113297,-0.06807658586931677,0.5051105301425383,-0.04113454152224999,-0.11119578234929889,-0.0236232721192661,-0.0236232721192661,-0.008432304133783979,-0.15855441262551337,-0.0236232721192661,-0.0334970859771587,-0.0236232721192661
Will Canada win on 2026-07-04?,0.11731003820720552,0.19049944114347708,0.08176842987071034,0.23605410723085313,0.14494038948775478,0.19685933497590577,0.04195095067317766,0.17466199526859852,0.05650312772590116,-0.04294470584119298,-0.03028605153475473,0.06021814651817576,0.40067814608568164,0.22014552859573194,0.2459500061193573,0.1774698714941168,-0.04294470584119298,0.29908342088995793,-0.12178775736397106,-0.06844594511494285,-0.06105688774765423,0.34434900003916,0.14251381075052474,0.13079399406082304,0.18249791531714998,0.3079435010703989,0.0850600519011972,-0.04294470584119298,0.0944339468543462,0.10045464219930804,0.14883138395943163,0.1183654405355085,0.102095872739931,-0.05273625254417441,0.07646690183716899,-0.09281890465336082,-0.0814205302801959,-0.0814205302801959,-0.08727583803321139,-0.04294470584119298,-0.06844594511494285,-0.09810324117025448,-0.08727583803321139,-0.06844594511494285,-0.06844594511494285,-0.03028605153475473,-0.19322352198038564,-0.03028605153475473,-0.09281890465336082,0.06304904172353876,-0.08727583803321139,-0.16159106878837357,-0.1464791684747097,-0.08727583803321139,-0.11733842365337158,-0.07517932595644068,-0.05273625254417441,-0.06844594511494285,-0.09810324117025448,-0.05273625254417441,-0.1031691590503053,-0.1031691590503053,-0.09281890465336082,-0.05273625254417441,-0.07517932595644068,-0.06105688774765423,-0.06105688774765423,-0.06844751936302233,0.18328804124983974,0.1050408678020412,-0.04294470584119298,0.17986537301749567,0.1730631516271699,-0.03028605153475473,-0.16886272712843994,-0.08727615674602215,0.18184999702636162,0.07649573172318473,-0.03028605153475473,-0.04294470584119298,-0.09282011633304461,-0.08727615674602215,-0.03028605153475473,0.41245804154113297,1.0,-0.08727711290540457,0.5806883186900555,-0.05273625254417441,-0.1425577785192469,-0.03028605153475473,-0.03028605153475473,-0.11256175912659949,-0.16487870568950067,0.16873657283649066,-0.04294470584119298,-0.03028605153475473
Will France win on 2026-07-04?,-0.03464215758374257,-0.05468567664647755,-0.026691100078220616,-0.0995015114136172,-0.015328507307400308,-0.015328507307400308,-0.030902596854461974,-0.04697790521194977,-0.026691100078220616,-0.021735360139154378,-0.015328507307400308,-0.06597793373823026,-0.10788117157456685,-0.1028826560656361,-0.08906742150462804,-0.05707275954072443,-0.021735360139154378,-0.08546717451433027,-0.0616397461571791,-0.03464215758374257,-0.030902375931475726,-0.09260118226915448,-0.09607684745562815,-0.054686220779856465,-0.06597805277471133,-0.06383398545451373,-0.06597793373823026,-0.021735360139154378,-0.03805026869272507,-0.03464215758374257,-0.041208910707299894,-0.03464215758374257,-0.03805026869272507,-0.026691100078220616,-0.026691100078220616,0.08361984274278714,0.09860703633532475,0.10457189378086362,0.0794636205696895,0.22419621476868498,0.1315943758584549,0.3083573930341871,0.34436670127397606,0.1298164450195009,-0.03464215758374257,-0.015328507307400308,0.2997543825131052,-0.015328507307400308,-0.04697790521194977,-0.044172424375503866,0.08077827605705569,0.474336677990877,0.08578298220845126,0.08895835464511195,-0.05938783014832856,-0.0380500853987622,-0.026691100078220616,0.13515023753636288,0.18479113121213817,0.1867788577343207,0.5085387100546831,0.3975756765433069,0.1983235375232283,0.4004135754238881,0.1116672700238806,0.15743452500010416,0.15355128992934994,0.3014486916525955,-0.026691100078220616,-0.021735360139154378,-0.021735360139154378,-0.04697790521194977,-0.015328507307400308,-0.015328507307400308,0.3535648653042185,0.08752716052162197,-0.057072891300252504,-0.06164361145681216,-0.015328507307400308,-0.021735360139154378,-0.04697851847250854,-0.044172585683809225,-0.015328507307400308,-0.06807658586931677,-0.08727711290540457,1.0,-0.10622402979046737,-0.026691100078220616,0.0965461928080192,-0.015328507307400308,-0.015328507307400308,-0.1540748553882023,-0.10288170327465417,-0.015328507307400308,-0.021735360139154378,-0.015328507307400308
Will Morocco win on 2026-07-04?,0.06527182918775146,0.24885128008655943,0.15766517137165523,0.2935464780878103,0.13421121127519192,0.1361015100255467,0.19608401889659038,0.24093523617696852,0.03840111594924425,-0.052267536823336624,0.17012688753193342,0.04613506999062865,0.3571353146023785,0.4127733221567805,0.32614394691100024,0.18429995480300765,-0.052267536823336624,0.28423530733848273,-0.1482265617604266,-0.08330481922341587,0.0077275675981083635,0.42265893218992423,0.3912661525496633,0.2578307010390038,0.029701633625060578,0.3142507947382807,0.38847306567403345,0.09121823276290901,0.0519755951483777,0.1540670135147809,0.11565334660563605,0.16354687816877644,0.11614958648315914,0.05279210104949769,0.04111502701595199,-0.11296888456545864,-0.0990960464447674,-0.0990960464447674,-0.10622247815731499,-0.052267536823336624,-0.08330481922341587,-0.11940039336435485,-0.10622247815731499,-0.08330481922341587,-0.08330481922341587,-0.036860825631918906,-0.23517025794963614,-0.036860825631918906,-0.11296888456545864,0.10688537789890182,-0.10622247815731499,-0.19667074142855537,-0.17827821106553737,-0.10622247815731499,-0.14281132584245224,-0.09149994419132182,-0.06418472237230825,-0.08330481922341587,-0.11940039336435485,-0.06418472237230825,-0.1255660672036101,-0.1255660672036101,-0.11296888456545864,-0.06418472237230825,-0.09149994419132182,-0.07431167745030234,-0.07431167745030234,-0.08330673522372026,0.02537434282904711,0.1998518868306769,-0.052267536823336624,0.07776306718041678,0.14177240627661117,-0.036860825631918906,-0.20552099811587848,-0.10622286605922855,0.3242977432196112,0.12852068219536497,-0.036860825631918906,-0.052267536823336624,-0.11297035928769157,-0.10622286605922855,-0.036860825631918906,0.5051105301425383,0.5806883186900555,-0.10622402979046737,1.0,-0.06418472237230825,-0.17350552977965897,-0.036860825631918906,-0.036860825631918906,-0.12835930716411417,-0.24740207569271896,-0.036860825631918906,-0.052267536823336624,-0.036860825631918906
Will Paraguay vs. France end in a draw?,-0.020932149451270466,-0.03304322929773627,-0.01612780885559875,-0.06012271327218285,-0.009262084933588906,-0.009262084933588906,-0.018672560282259283,-0.028385891682036344,-0.01612780885559875,-0.013133356538493462,-0.009262084933588906,-0.03986645364556571,-0.06518603239183757,-0.06216573339878252,-0.053818027173028,-0.03448559834689723,-0.013133356538493462,-0.051642616825672304,-0.03724515066884743,-0.020932149451270466,-0.01867242679193166,-0.05595326393676862,-0.05805339707512682,-0.033043558084451745,-0.03986652557207335,-0.038570996058027635,-0.03986645364556571,-0.013133356538493462,-0.02299146376814882,-0.020932149451270466,-0.024900039079958226,-0.020932149451270466,-0.02299146376814882,-0.01612780885559875,-0.01612780885559875,0.17452066737844565,0.19208601575967776,0.42330066435928987,-0.026690710196610616,-0.013133356538493462,-0.020932149451270466,-0.030001948287532405,0.19128342307570942,0.23726056101133164,-0.020932149451270466,0.5680745425934529,0.24665965600830364,-0.009262084933588906,-0.028385891682036344,-0.026690710196610616,0.18684673976701355,0.32960543221820643,0.22243891508532374,0.3848028403918756,-0.03588445474986432,0.21710000712695307,-0.01612780885559875,0.5037965973575089,-0.030001948287532405,-0.01612780885559875,0.14534701143551215,0.3299142435190657,-0.028385891682036344,-0.01612780885559875,0.4572589491411295,-0.01867242679193166,-0.01867242679193166,-0.020932630888060008,-0.01612780885559875,-0.013133356538493462,-0.013133356538493462,-0.028385891682036344,-0.009262084933588906,-0.009262084933588906,0.19308347914584376,-0.026690807665411372,-0.03448567796116856,-0.03724748623439058,-0.009262084933588906,-0.013133356538493462,-0.028386262238103404,-0.026690807665411372,-0.009262084933588906,-0.04113454152224999,-0.05273625254417441,-0.026691100078220616,-0.06418472237230825,1.0,0.3762801465832618,-0.009262084933588906,-0.009262084933588906,-0.09309806676655354,-0.06216515768512549,-0.009262084933588906,-0.013133356538493462,-0.009262084933588906
Will Paraguay win on 2026-07-04?,-0.05658423914187711,-0.08932317213555471,-0.043597041729715645,-0.16252501892227894,-0.02503746832376846,-0.02503746832376846,-0.05047606882714797,-0.07673335635840674,-0.043597041729715645,-0.035502373458572115,-0.02503746832376846,-0.10776785977334655,-0.17621229268196403,-0.16804775511735076,-0.14548205509386072,-0.09322221534650467,-0.035502373458572115,-0.1396014387905495,-0.03958378915391845,0.04187233696498906,-0.05047570797320706,-0.1512540732970221,-0.15693119862078708,-0.08932406091891537,-0.10776805420663771,-0.10426595080302985,-0.10776785977334655,-0.035502373458572115,-0.0621510221445402,-0.05658423914187711,-0.06731032420834004,-0.05658423914187711,-0.0621510221445402,-0.043597041729715645,-0.043597041729715645,0.512155681801234,0.4803250489935884,0.5705402167080469,0.26060219771228166,0.1322416450520358,0.049794130444851856,0.5323804366106681,0.37212115619276254,0.38815590501292946,-0.05658423914187711,0.21532222758440875,0.6314143147742076,-0.02503746832376846,-0.07673335635840674,-0.07215090510162049,0.2703750187207551,0.4811205991592048,0.42469645724818184,0.44235376342064947,0.2986876075338743,0.5268890549062156,0.23104894302226198,0.25679065395116846,0.2151732514420175,0.3603253209061613,0.2908636115130043,0.5543761976669509,0.49630828139634975,0.08005862407227501,0.5372365473717118,0.30603234797088874,0.42039053926256736,0.4718755052691822,-0.043597041729715645,-0.035502373458572115,-0.035502373458572115,-0.07673335635840674,-0.02503746832376846,-0.02503746832376846,0.4664890970732784,0.013523572206326835,-0.09322243056152492,-0.10068821042134359,0.22533721491391615,-0.035502373458572115,-0.07673435805358204,0.09314754039079035,-0.02503746832376846,-0.11119578234929889,-0.1425577785192469,0.0965461928080192,-0.17350552977965897,0.3762801465832618,1.0,-0.02503746832376846,-0.02503746832376846,-0.19406029451828785,-0.16804619883574087,-0.02503746832376846,-0.035502373458572115,-0.02503746832376846
Will Shanghai Haigang FC win on 2026-07-04?,-0.01202118327394114,-0.01897648955142732,-0.009262084933588906,-0.0345280429443741,-0.005319148936170213,-0.005319148936170213,-0.010723517423249099,-0.016301813967952983,-0.009262084933588906,-0.007542392448457355,-0.005319148936170213,-0.02289501834826318,-0.037435870793277856,-0.03570133474755844,-0.030907306944039006,-0.0198048317495847,-0.007542392448457355,-0.029657984386770357,-0.02138962285254425,-0.01202118327394114,-0.010723440760711534,-0.03213355810042108,-0.03333964949656048,-0.018976678371279476,-0.022895059655140552,-0.02215104634865242,-0.02289501834826318,-0.007542392448457355,-0.013203832713716807,-0.01202118327394114,-0.01429991382420151,-0.01202118327394114,-0.013203832713716807,-0.009262084933588906,-0.009262084933588906,-0.016301813967952983,-0.01429991382420151,-0.01429991382420151,-0.015328283401188487,-0.007542392448457355,-0.01202118327394114,-0.01722990368377298,-0.015328283401188487,-0.01202118327394114,-0.01202118327394114,-0.005319148936170213,-0.03393590908361219,-0.005319148936170213,-0.016301813967952983,-0.015328283401188487,-0.015328283401188487,-0.028380291192925407,-0.025726183298250112,-0.015328283401188487,-0.020608184947169136,-0.01320376910883552,-0.009262084933588906,-0.01202118327394114,-0.01722990368377298,-0.009262084933588906,-0.018119632464412335,-0.018119632464412335,-0.016301813967952983,-0.009262084933588906,-0.01320376910883552,-0.010723440760711534,-0.010723440760711534,-0.012021459759635807,-0.009262084933588906,-0.007542392448457355,-0.007542392448457355,-0.016301813967952983,-0.005319148936170213,-0.005319148936170213,-0.029657414877383628,-0.015328339376821576,-0.019804877471489613,-0.0213909641510816,-0.005319148936170213,-0.007542392448457355,-0.01630202677564413,-0.015328339376821576,-0.005319148936170213,-0.0236232721192661,-0.03028605153475473,-0.015328507307400308,-0.036860825631918906,-0.009262084933588906,-0.02503746832376846,1.0,1.0,-0.053465551908832884,-0.035701004119335064,-0.005319148936170213,0.7089848901549913,1.0
Wimbledon ATP: Alex de Minaur vs Zachary Svajda,-0.01202118327394114,-0.01897648955142732,-0.009262084933588906,-0.0345280429443741,-0.005319148936170213,-0.005319148936170213,-0.010723517423249099,-0.016301813967952983,-0.009262084933588906,-0.007542392448457355,-0.005319148936170213,-0.02289501834826318,-0.037435870793277856,-0.03570133474755844,-0.030907306944039006,-0.0198048317495847,-0.007542392448457355,-0.029657984386770357,-0.02138962285254425,-0.01202118327394114,-0.010723440760711534,-0.03213355810042108,-0.03333964949656048,-0.018976678371279476,-0.022895059655140552,-0.02215104634865242,-0.02289501834826318,-0.007542392448457355,-0.013203832713716807,-0.01202118327394114,-0.01429991382420151,-0.01202118327394114,-0.013203832713716807,-0.009262084933588906,-0.009262084933588906,-0.016301813967952983,-0.01429991382420151,-0.01429991382420151,-0.015328283401188487,-0.007542392448457355,-0.01202118327394114,-0.01722990368377298,-0.015328283401188487,-0.01202118327394114,-0.01202118327394114,-0.005319148936170213,-0.03393590908361219,-0.005319148936170213,-0.016301813967952983,-0.015328283401188487,-0.015328283401188487,-0.028380291192925407,-0.025726183298250112,-0.015328283401188487,-0.020608184947169136,-0.01320376910883552,-0.009262084933588906,-0.01202118327394114,-0.01722990368377298,-0.009262084933588906,-0.018119632464412335,-0.018119632464412335,-0.016301813967952983,-0.009262084933588906,-0.01320376910883552,-0.010723440760711534,-0.010723440760711534,-0.012021459759635807,-0.009262084933588906,-0.007542392448457355,-0.007542392448457355,-0.016301813967952983,-0.005319148936170213,-0.005319148936170213,-0.029657414877383628,-0.015328339376821576,-0.019804877471489613,-0.0213909641510816,-0.005319148936170213,-0.007542392448457355,-0.01630202677564413,-0.015328339376821576,-0.005319148936170213,-0.0236232721192661,-0.03028605153475473,-0.015328507307400308,-0.036860825631918906,-0.009262084933588906,-0.02503746832376846,1.0,1.0,-0.053465551908832884,-0.035701004119335064,-0.005319148936170213,0.7089848901549913,1.0
Wimbledon ATP: Frances Tiafoe vs Alexander Bublik,0.0785268510815566,0.011571905159707376,0.06965400179750501,0.13110450218272168,-0.053465551908832884,-0.053465551908832884,-0.10778769015834376,0.022955961555220953,0.06696502560840382,-0.0023602400106658857,-0.053465551908832884,0.07356987656825975,-0.14715061885772723,0.023059478452506967,-0.005208029479033938,-0.0003217357912778352,-0.07581253689431974,-0.08044775013143797,-0.07613939315244193,0.09730613909506648,0.04862850558751119,-0.06215490391695448,-0.017463042714827508,-0.004029608080889405,0.002552539053442256,-0.11378656112923372,-0.035201930950458905,0.042926138519105664,0.05789881547911939,-0.07684053254077369,0.028156098732413593,0.06192124619808887,-0.07372579210825848,-0.016114820135038226,-0.09309806676655354,-0.1638580704114047,-0.10313615810147383,-0.10398641496958161,-0.016135623034382988,-0.0012556941928665796,0.045352703260572405,-0.12398373102826939,-0.11539495814210304,-0.06396521251730156,0.07056965128581835,-0.053465551908832884,-0.22795742912463435,-0.053465551908832884,0.13646672055350562,0.05240902345269847,-0.11133668502307646,-0.16845541626263782,-0.1008190466105368,-0.1540726047895944,-0.045988810781992365,-0.13271799890396965,-0.03173943753117836,-0.04575297227684615,0.018395700966190955,-0.09309806676655354,-0.11180248511497808,-0.13731827047883316,-0.12012824107404622,-0.09309806676655354,-0.13271799890396965,-0.107786919583026,-0.107786919583026,-0.12083398839016574,-0.0026984946888856096,-0.07581253689431974,0.010894309802925788,0.012233965280569312,-0.053465551908832884,-0.053465551908832884,-0.08187107339357735,0.09192140326993241,-0.06371087906641833,-0.060329482962902775,-0.053465551908832884,-0.07581253689431974,-0.05030748142548936,0.140021271600535,-0.053465551908832884,-0.008432304133783979,-0.11256175912659949,-0.1540748553882023,-0.12835930716411417,-0.09309806676655354,-0.19406029451828785,-0.053465551908832884,-0.053465551908832884,1.0,0.022671051770865452,0.10228192539081074,-0.07581253689431974,-0.053465551908832884
Wimbledon ATP: Grigor Dimitrov vs Matteo Berrettini,0.007905681703376723,-0.07123254216043327,-0.06216515768512549,-0.19082704500929204,-0.035701004119335064,-0.035701004119335064,-0.07197398386382138,-0.04057598088115771,-0.06216515768512549,-0.05062294496793933,-0.035701004119335064,-0.1066401568718245,-0.2512616573515211,-0.2111394909138346,-0.20744331579501768,-0.13292584741643632,-0.05062294496793933,-0.19905812667949357,0.1003152349384982,-0.08068364295346384,-0.07197346932106233,-0.21567365454106086,-0.22376868523461185,-0.1273674568684169,-0.10352257324094755,-0.14867314422487454,-0.15366652714035597,-0.05062294496793933,-0.08862133618744199,-0.08068364295346384,-0.09597800108066346,-0.08068364295346384,-0.08862133618744199,-0.06216515768512549,-0.06216515768512549,-0.10941433199303438,-0.09597800108066346,-0.09597800108066346,-0.10288020046345513,-0.05062294496793933,-0.08068364295346384,-0.11564347412934362,-0.10288020046345513,-0.08068364295346384,-0.08068364295346384,-0.035701004119335064,-0.2277706536376348,-0.035701004119335064,0.20381520336525993,-0.0356064357459856,-0.10288020046345513,-0.19048251984387304,-0.1726687082702521,-0.10288020046345513,-0.07581750711424746,-0.08862090928491376,-0.06216515768512549,-0.08068364295346384,-0.11564347412934362,-0.06216515768512549,-0.12161514577153057,-0.12161514577153057,-0.10941433199303438,-0.06216515768512549,-0.08862090928491376,-0.07197346932106233,-0.07197346932106233,-0.0806854986670456,0.05040418190685851,-0.05062294496793933,0.09723543497917361,-0.10941433199303438,-0.035701004119335064,-0.035701004119335064,-0.1587323422126692,-0.10288057616008091,-0.13292615429220445,-0.14357163306357082,-0.035701004119335064,-0.05062294496793933,0.07691456643598082,0.174295996841487,-0.035701004119335064,-0.15855441262551337,-0.16487870568950067,-0.10288170327465417,-0.24740207569271896,-0.06216515768512549,-0.16804619883574087,-0.035701004119335064,-0.035701004119335064,0.022671051770865452,1.0,0.15824228852894462,-0.05062294496793933,-0.035701004119335064
Wimbledon ATP: Zizou Bergs vs Arthur Fery,0.4471880177906104,0.27199635023712493,-0.009262084933588906,0.17757279228535253,-0.005319148936170213,-0.005319148936170213,-0.010723517423249099,0.34052678066390674,-0.009262084933588906,-0.007542392448457355,-0.005319148936170213,0.22086958877148008,-0.037435870793277856,0.11192850893829133,-0.030907306944039006,-0.0198048317495847,-0.007542392448457355,-0.029657984386770357,-0.02138962285254425,-0.01202118327394114,-0.010723440760711534,-0.03213355810042108,-0.03333964949656048,-0.018976678371279476,0.23703120584145512,-0.02215104634865242,-0.02289501834826318,-0.007542392448457355,-0.013203832713716807,-0.01202118327394114,-0.01429991382420151,-0.01202118327394114,-0.013203832713716807,-0.009262084933588906,-0.009262084933588906,-0.016301813967952983,-0.01429991382420151,-0.01429991382420151,-0.015328283401188487,-0.007542392448457355,-0.01202118327394114,-0.01722990368377298,-0.015328283401188487,-0.01202118327394114,-0.01202118327394114,-0.005319148936170213,-0.03393590908361219,-0.005319148936170213,-0.016301813967952983,0.3333901639758496,-0.015328283401188487,-0.028380291192925407,-0.025726183298250112,-0.015328283401188487,-0.020608184947169136,-0.01320376910883552,-0.009262084933588906,-0.01202118327394114,-0.01722990368377298,-0.009262084933588906,-0.018119632464412335,-0.018119632464412335,-0.016301813967952983,-0.009262084933588906,-0.01320376910883552,-0.010723440760711534,-0.010723440760711534,-0.012021459759635807,0.5742492658825122,-0.007542392448457355,-0.007542392448457355,-0.016301813967952983,-0.005319148936170213,-0.005319148936170213,-0.029657414877383628,-0.015328339376821576,-0.019804877471489613,-0.0213909641510816,-0.005319148936170213,-0.007542392448457355,-0.01630202677564413,-0.015328339376821576,-0.005319148936170213,-0.0236232721192661,0.16873657283649066,-0.015328507307400308,-0.036860825631918906,-0.009262084933588906,-0.02503746832376846,-0.005319148936170213,-0.005319148936170213,0.10228192539081074,0.15824228852894462,1.0,-0.007542392448457355,-0.005319148936170213
Wimbledon WTA: Emma Navarro vs Marta Kostyuk,-0.017045674606016355,-0.026908088720292076,-0.013133356538493462,-0.048959721468367794,-0.007542392448457355,-0.007542392448457355,-0.015205623644794797,-0.023115479570792494,-0.013133356538493462,-0.010694884563150747,-0.007542392448457355,-0.03246444413747976,-0.0530829334844571,-0.05062341378876859,-0.043825627237412186,-0.028082652925034784,-0.010694884563150747,-0.04205412560534566,-0.030329838817135555,-0.017045674606016355,-0.01520551493963325,-0.04556441432023215,-0.04727461547224968,-0.026908356461136363,-0.03246450270938359,-0.031409514324634916,-0.03246444413747976,-0.010694884563150747,-0.018722635772318783,-0.017045674606016355,-0.0202768456637547,-0.017045674606016355,-0.018722635772318783,-0.013133356538493462,-0.013133356538493462,-0.023115479570792494,-0.0202768456637547,-0.0202768456637547,-0.021735042646912395,-0.010694884563150747,-0.017045674606016355,-0.024431482741241732,-0.021735042646912395,-0.017045674606016355,-0.017045674606016355,-0.007542392448457355,-0.04812009354790912,-0.007542392448457355,-0.023115479570792494,-0.021735042646912395,-0.021735042646912395,-0.04024239526796578,-0.03647895047963406,-0.021735042646912395,-0.029221783482124907,-0.018722545582519238,-0.013133356538493462,-0.017045674606016355,-0.024431482741241732,-0.013133356538493462,-0.02569309126486039,-0.02569309126486039,-0.023115479570792494,-0.013133356538493462,-0.018722545582519238,-0.01520551493963325,-0.01520551493963325,-0.017046066654376083,-0.013133356538493462,-0.010694884563150747,-0.010694884563150747,-0.023115479570792494,-0.007542392448457355,-0.007542392448457355,-0.04205331805824567,-0.02173512201866854,-0.028082717757314253,-0.030331740737927892,-0.007542392448457355,-0.010694884563150747,-0.02311578132566756,-0.02173512201866854,0.701442497706534,-0.0334970859771587,-0.04294470584119298,-0.021735360139154378,-0.052267536823336624,-0.013133356538493462,-0.035502373458572115,0.7089848901549913,0.7089848901549913,-0.07581253689431974,-0.05062294496793933,-0.007542392448457355,1.0,0.7089848901549913
Wimbledon WTA: Liudmila Samsonova vs Marie Bouzkova,-0.01202118327394114,-0.01897648955142732,-0.009262084933588906,-0.0345280429443741,-0.005319148936170213,-0.005319148936170213,-0.010723517423249099,-0.016301813967952983,-0.009262084933588906,-0.007542392448457355,-0.005319148936170213,-0.02289501834826318,-0.037435870793277856,-0.03570133474755844,-0.030907306944039006,-0.0198048317495847,-0.007542392448457355,-0.029657984386770357,-0.02138962285254425,-0.01202118327394114,-0.010723440760711534,-0.03213355810042108,-0.03333964949656048,-0.018976678371279476,-0.022895059655140552,-0.02215104634865242,-0.02289501834826318,-0.007542392448457355,-0.013203832713716807,-0.01202118327394114,-0.01429991382420151,-0.01202118327394114,-0.013203832713716807,-0.009262084933588906,-0.009262084933588906,-0.016301813967952983,-0.01429991382420151,-0.01429991382420151,-0.015328283401188487,-0.007542392448457355,-0.01202118327394114,-0.01722990368377298,-0.015328283401188487,-0.01202118327394114,-0.01202118327394114,-0.005319148936170213,-0.03393590908361219,-0.005319148936170213,-0.016301813967952983,-0.015328283401188487,-0.015328283401188487,-0.028380291192925407,-0.025726183298250112,-0.015328283401188487,-0.020608184947169136,-0.01320376910883552,-0.009262084933588906,-0.01202118327394114,-0.01722990368377298,-0.009262084933588906,-0.018119632464412335,-0.018119632464412335,-0.016301813967952983,-0.009262084933588906,-0.01320376910883552,-0.010723440760711534,-0.010723440760711534,-0.012021459759635807,-0.009262084933588906,-0.007542392448457355,-0.007542392448457355,-0.016301813967952983,-0.005319148936170213,-0.005319148936170213,-0.029657414877383628,-0.015328339376821576,-0.019804877471489613,-0.0213909641510816,-0.005319148936170213,-0.007542392448457355,-0.01630202677564413,-0.015328339376821576,-0.005319148936170213,-0.0236232721192661,-0.03028605153475473,-0.015328507307400308,-0.036860825631918906,-0.009262084933588906,-0.02503746832376846,1.0,1.0,-0.053465551908832884,-0.035701004119335064,-0.005319148936170213,0.7089848901549913,1.0
